,Chr,Start,End
0,chr1,10497,10498
825,chr1,1539857,1539858
2547,chr1,6682929,6682930
4877,chr1,16011487,16011488
5114,chr1,16862396,16862397
5116,chr1,16862416,16862417
5117,chr1,16862425,16862426
5175,chr1,17019621,17019622
5226,chr1,17034683,17034684
5792,chr1,19991678,19991679
8943,chr1,32023614,32023615
8945,chr1,32023635,32023636
9688,chr1,33720973,33720974
9858,chr1,35351568,35351569
9859,chr1,35351572,35351573
9860,chr1,35351579,35351580
9861,chr1,35351581,35351582
10035,chr1,36039923,36039924
10382,chr1,36785331,36785332
10859,chr1,38510698,38510699
10860,chr1,38510708,38510709
13233,chr1,47909782,47909783
13574,chr1,51717085,51717086
14035,chr1,54203814,54203815
14036,chr1,54203821,54203822
14037,chr1,54203828,54203829
14673,chr1,61549982,61549983
14725,chr1,62660871,62660872
16445,chr1,91172930,91172931
16446,chr1,91172936,91172937
19371,chr1,148901932,148901933
19373,chr1,148901940,148901941
19397,chr1,149284535,149284536
19411,chr1,149333181,149333182
19413,chr1,149333192,149333193
19414,chr1,149333199,149333200
20073,chr1,154301889,154301890
20286,chr1,155035008,155035009
20603,chr1,156358562,156358563
20712,chr1,156646945,156646946
21408,chr1,166853787,166853788
21409,chr1,166853789,166853790
22566,chr1,181130733,181130734
22956,chr1,185618478,185618479
23305,chr1,200839410,200839411
23320,chr1,200843333,200843334
23321,chr1,200843335,200843336
24563,chr1,208084005,208084006
25293,chr1,213324846,213324847
25308,chr1,214153409,214153410
25770,chr1,220864027,220864028
28643,chr1,236156946,236156947
32610,chr10,22624591,22624592
33728,chr10,30452891,30452892
34320,chr10,35929278,35929279
35082,chr10,46992018,46992019
35104,chr10,46993083,46993084
35105,chr10,46993092,46993093
35106,chr10,46993098,46993099
35107,chr10,46993100,46993101
35108,chr10,46993106,46993107
35214,chr10,49673583,49673584
35363,chr10,50745833,50745834
36006,chr10,65801993,65801994
36007,chr10,65802007,65802008
36018,chr10,68609431,68609432
38299,chr10,88730561,88730562
41145,chr10,104170425,104170426
41415,chr10,105313230,105313231
42362,chr10,118030755,118030756
42364,chr10,118030776,118030777
43156,chr10,121577595,121577596
43159,chr10,121577648,121577649
44077,chr10,126849495,126849496
44160,chr10,127584276,127584277
44168,chr10,127584593,127584594
45093,chr10,134499683,134499684
45435,chr10,135048848,135048849
45574,chr10,135195081,135195082
45681,chr10,135491067,135491068
47493,chr11,6478110,6478111
47542,chr11,6651257,6651258
48261,chr11,11644161,11644162
48662,chr11,15095631,15095632
49078,chr11,18518141,18518142
49436,chr11,23752836,23752837
49618,chr11,31827100,31827101
49683,chr11,32355250,32355251
51008,chr11,46369240,46369241
51009,chr11,46369248,46369249
51010,chr11,46369254,46369255
51011,chr11,46369259,46369260
51013,chr11,46369271,46369272
51568,chr11,50227294,50227295
52731,chr11,63531191,63531192
52733,chr11,63531203,63531204
53855,chr11,65305947,65305948
54032,chr11,65353035,65353036
54473,chr11,65816600,65816601
55274,chr11,67188898,67188899
56863,chr11,75139487,75139488
56869,chr11,75139534,75139535
56870,chr11,75139544,75139545
57130,chr11,76494049,76494050
57440,chr11,78497091,78497092
58885,chr11,111250129,111250130
58886,chr11,111250131,111250132
58896,chr11,111383558,111383559
58898,chr11,111383583,111383584
59060,chr11,113185132,113185133
59447,chr11,117668095,117668096
60867,chr11,126978395,126978396
61457,chr11,132812633,132812634
62735,chr12,4433835,4433836
62870,chr12,6178606,6178607
63073,chr12,6876625,6876626
64296,chr12,26348983,26348984
64608,chr12,29542574,29542575
64609,chr12,29542586,29542587
64610,chr12,29542590,29542591
64997,chr12,34362436,34362437
65012,chr12,38724336,38724337
67189,chr12,53068991,53068992
67196,chr12,53069198,53069199
67198,chr12,53069266,53069267
67199,chr12,53069270,53069271
67201,chr12,53069276,53069277
67202,chr12,53069279,53069280
67646,chr12,54576379,54576380
69509,chr12,72667526,72667527
70523,chr12,96183508,96183509
70524,chr12,96183525,96183526
72597,chr12,113795614,113795615
72695,chr12,114204047,114204048
72916,chr12,117103629,117103630
72917,chr12,117103632,117103633
75742,chr12,130647289,130647290
77180,chr13,21676104,21676105
77182,chr13,21676139,21676140
77183,chr13,21676167,21676168
78473,chr13,30690572,30690573
78862,chr13,33590907,33590908
79850,chr13,48894474,48894475
82683,chr13,107187342,107187343
84277,chr14,20684591,20684592
84354,chr14,21560028,21560029
84924,chr14,24839756,24839757
87285,chr14,57272053,57272054
88921,chr14,70701025,70701026
90369,chr14,88790328,88790329
90803,chr14,91278940,91278941
90874,chr14,91723888,91723889
90875,chr14,91723906,91723907
90876,chr14,91730362,91730363
91107,chr14,93206990,93206991
91489,chr14,95982958,95982959
93311,chr14,103673774,103673775
93312,chr14,103673776,103673777
93649,chr14,104394495,104394496
93668,chr14,104394944,104394945
94523,chr14,105888808,105888809
94660,chr14,106938234,106938235
94694,chr15,20500588,20500589
94806,chr15,23032853,23032854
95182,chr15,27884902,27884903
96043,chr15,34628715,34628716
96263,chr15,35413899,35413900
97035,chr15,41795066,41795067
97036,chr15,41795074,41795075
97467,chr15,45422292,45422293
100303,chr15,67073365,67073366
105205,chr15,96864261,96864262
105927,chr15,101420807,101420808
105928,chr15,101420818,101420819
107127,chr16,822826,822827
107135,chr16,850567,850568
107261,chr16,1205676,1205677
108009,chr16,2141754,2141755
108557,chr16,2802100,2802101
108558,chr16,2802109,2802110
108623,chr16,2960065,2960066
109285,chr16,4356802,4356803
110403,chr16,14395631,14395632
110920,chr16,21308607,21308608
110921,chr16,21308638,21308639
111948,chr16,28332375,28332376
111958,chr16,28566001,28566002
112226,chr16,29820434,29820435
112583,chr16,30485399,30485400
112777,chr16,30795743,30795744
112857,chr16,30918989,30918990
113249,chr16,33961668,33961669
113314,chr16,33965583,33965584
113808,chr16,48985820,48985821
113813,chr16,49311461,49311462
113838,chr16,49314813,49314814
114470,chr16,53538754,53538755
115067,chr16,57831829,57831830
115069,chr16,57831841,57831842
115070,chr16,57831904,57831905
117159,chr16,74441078,74441079
117849,chr16,82045154,82045155
117850,chr16,82045156,82045157
118465,chr16,85210235,85210236
118703,chr16,85936631,85936632
118704,chr16,85936643,85936644
119164,chr16,87637982,87637983
119166,chr16,87638037,87638038
119195,chr16,87898101,87898102
119446,chr16,88633949,88633950
120686,chr17,1106997,1106998
120759,chr17,1162810,1162811
120767,chr17,1171458,1171459
120935,chr17,1465264,1465265
125089,chr17,19249812,19249813
125553,chr17,21561512,21561513
126053,chr17,27331556,27331557
126778,chr17,30332952,30332953
127160,chr17,31617658,31617659
129374,chr17,41278581,41278582
129375,chr17,41278593,41278594
129376,chr17,41278637,41278638
129377,chr17,41278645,41278646
129378,chr17,41278652,41278653
129379,chr17,41278655,41278656
129400,chr17,41400991,41400992
129401,chr17,41401001,41401002
129402,chr17,41401006,41401007
129403,chr17,41401091,41401092
130997,chr17,46667076,46667077
130998,chr17,46667105,46667106
131254,chr17,47210096,47210097
131255,chr17,47210099,47210100
131256,chr17,47210118,47210119
131257,chr17,47210127,47210128
133999,chr17,65820433,65820434
134593,chr17,71948512,71948513
135797,chr17,74534725,74534726
137351,chr17,78973667,78973668
138571,chr17,80144969,80144970
144299,chr18,54806748,54806749
145964,chr18,74499640,74499641
145966,chr18,74499670,74499671
146769,chr18,77749260,77749261
147357,chr19,646507,646508
147537,chr19,720941,720942
147872,chr19,1105187,1105188
147877,chr19,1105213,1105214
147878,chr19,1105215,1105216
148094,chr19,1235041,1235042
148095,chr19,1235044,1235045
148097,chr19,1235132,1235133
148158,chr19,1242157,1242158
148955,chr19,1729912,1729913
149271,chr19,1911974,1911975
149650,chr19,2299957,2299958
149651,chr19,2299967,2299968
149677,chr19,2307632,2307633
151618,chr19,6269655,6269656
151665,chr19,6530791,6530792
152799,chr19,10406958,10406959
153047,chr19,10979991,10979992
153480,chr19,12306071,12306072
153481,chr19,12306084,12306085
153484,chr19,12306136,12306137
155135,chr19,15568387,15568388
155207,chr19,16199541,16199542
156062,chr19,18280215,18280216
156063,chr19,18280375,18280376
156446,chr19,18942960,18942961
156448,chr19,18942965,18942966
156449,chr19,18942968,18942969
156450,chr19,18942974,18942975
157057,chr19,29284741,29284742
157062,chr19,29284777,29284778
157117,chr19,30020246,30020247
158902,chr19,36435843,36435844
159112,chr19,37340996,37340997
159590,chr19,39574972,39574973
159794,chr19,40419786,40419787
161116,chr19,45927585,45927586
161390,chr19,46387860,46387861
162207,chr19,48697626,48697627
162402,chr19,49232643,49232644
163228,chr19,52801742,52801743
163546,chr19,54487075,54487076
164078,chr19,56108993,56108994
165245,chr2,468303,468304
165247,chr2,468315,468316
165248,chr2,468319,468320
165249,chr2,468328,468329
165250,chr2,468330,468331
165251,chr2,468352,468353
166109,chr2,10219435,10219436
167847,chr2,25384307,25384308
167865,chr2,25427325,25427326
167872,chr2,25427372,25427373
170101,chr2,43019685,43019686
174813,chr2,89220227,89220228
174894,chr2,91776306,91776307
174895,chr2,91776310,91776311
176394,chr2,105495765,105495766
177299,chr2,113993038,113993039
177300,chr2,113993046,113993047
177312,chr2,114033571,114033572
179075,chr2,131595183,131595184
181220,chr2,172965046,172965047
181258,chr2,173037532,173037533
181986,chr2,177052519,177052520
185127,chr2,220348523,220348524
185262,chr2,220615937,220615938
187142,chr2,235861583,235861584
187488,chr2,237476863,237476864
187625,chr2,238705278,238705279
187883,chr2,239147490,239147491
188067,chr2,239757901,239757902
189513,chr20,642964,642965
191266,chr20,10774509,10774510
191267,chr20,10774514,10774515
191637,chr20,17950611,17950612
191803,chr20,19738286,19738287
192233,chr20,22557560,22557561
192708,chr20,26062685,26062686
192751,chr20,29518362,29518363
192753,chr20,29518368,29518369
192756,chr20,29519350,29519351
193595,chr20,32668796,32668797
193714,chr20,33146521,33146522
193715,chr20,33146525,33146526
193716,chr20,33146537,33146538
193717,chr20,33146543,33146544
193718,chr20,33146549,33146550
194654,chr20,37359326,37359327
195104,chr20,42744553,42744554
198776,chr20,62129062,62129063
198856,chr20,62272782,62272783
198857,chr20,62272798,62272799
199266,chr20,62598929,62598930
199609,chr21,9880241,9880242
199621,chr21,10599597,10599598
199656,chr21,10991005,10991006
200342,chr21,33245670,33245671
202891,chr21,45575573,45575574
203498,chr21,47517783,47517784
203501,chr21,47517802,47517803
203526,chr21,47566113,47566114
203562,chr21,47721745,47721746
205538,chr22,23423393,23423394
205548,chr22,23522229,23522230
205886,chr22,25678890,25678891
205961,chr22,25816732,25816733
205964,chr22,25816756,25816757
206584,chr22,30115366,30115367
211118,chr22,46460458,46460459
211119,chr22,46460463,46460464
211120,chr22,46460465,46460466
211121,chr22,46460468,46460469
211122,chr22,46460470,46460471
211123,chr22,46460482,46460483
211271,chr22,46469942,46469943
211888,chr22,50120643,50120644
212337,chr22,50623767,50623768
212340,chr22,50623801,50623802
212341,chr22,50623818,50623819
212706,chr22,50985763,50985764
213062,chr22,51169838,51169839
213065,chr22,51169916,51169917
213248,chr3,4909489,4909490
213249,chr3,4909491,4909492
213250,chr3,4909509,4909510
215530,chr3,32861301,32861302
215531,chr3,32861318,32861319
215532,chr3,32861346,32861347
215533,chr3,32861350,32861351
215534,chr3,32861361,32861362
215535,chr3,32861364,32861365
219912,chr3,66550579,66550580
220488,chr3,73673982,73673983
222446,chr3,125899901,125899902
223006,chr3,127842746,127842747
223739,chr3,134032331,134032332
225687,chr3,156544245,156544246
226057,chr3,160292128,160292129
226953,chr3,179754581,179754582
226957,chr3,179754613,179754614
226958,chr3,179754615,179754616
226959,chr3,179754626,179754627
227013,chr3,180546903,180546904
229612,chr4,53286,53287
232127,chr4,6611128,6611129
232174,chr4,6667751,6667752
232408,chr4,7047955,7047956
234683,chr4,42658479,42658480
234954,chr4,48491941,48491942
238265,chr4,111554966,111554967
238438,chr4,115391492,115391493
238654,chr4,121992797,121992798
238658,chr4,121992860,121992861
238670,chr4,122301724,122301725
239362,chr4,140036121,140036122
240008,chr4,147108115,147108116
240820,chr4,160860970,160860971
241206,chr4,171964526,171964527
242313,chr4,185940923,185940924
242326,chr4,185942474,185942475
243313,chr5,784673,784674
243434,chr5,1319283,1319284
243660,chr5,1887536,1887537
245045,chr5,17218089,17218090
248051,chr5,75378792,75378793
248053,chr5,75378813,75378814
249079,chr5,87504293,87504294
249187,chr5,90143516,90143517
249664,chr5,100024811,100024812
249669,chr5,101490906,101490907
249670,chr5,101490924,101490925
249962,chr5,108823625,108823626
252990,chr5,140683436,140683437
253472,chr5,148737968,148737969
253793,chr5,151093534,151093535
254480,chr5,167719687,167719688
255299,chr5,175080583,175080584
255350,chr5,175621277,175621278
256187,chr5,177398022,177398023
257882,chr6,1393272,1393273
258229,chr6,2999638,2999639
258990,chr6,7315483,7315484
258991,chr6,7315485,7315486
258994,chr6,7315513,7315514
260973,chr6,26521696,26521697
260974,chr6,26521718,26521719
261485,chr6,34361405,34361406
262499,chr6,41376672,41376673
262508,chr6,41376990,41376991
262668,chr6,41651255,41651256
262670,chr6,41651261,41651262
262796,chr6,41774513,41774514
264761,chr6,78172292,78172293
267706,chr6,127441704,127441705
267707,chr6,127441719,127441720
267760,chr6,127796348,127796349
268054,chr6,132270548,132270549
271491,chr6,166582855,166582856
271991,chr6,169653419,169653420
272005,chr6,170097618,170097619
272110,chr6,170402599,170402600
272318,chr7,159931,159932
272802,chr7,1198544,1198545
273120,chr7,1659251,1659252
273121,chr7,1659255,1659256
273123,chr7,1659275,1659276
273185,chr7,1707956,1707957
273509,chr7,2670029,2670030
273732,chr7,4132220,4132221
273738,chr7,4535494,4535495
274627,chr7,6463996,6463997
276666,chr7,29845979,29845980
277054,chr7,32338219,32338220
277055,chr7,32338227,32338228
277056,chr7,32338284,32338285
277057,chr7,32338299,32338300
277504,chr7,37531764,37531765
277842,chr7,43485108,43485109
278276,chr7,45960752,45960753
278377,chr7,48075568,48075569
278498,chr7,49813963,49813964
278865,chr7,54732008,54732009
282109,chr7,99517369,99517370
282769,chr7,100807503,100807504
282770,chr7,100807505,100807506
282771,chr7,100807512,100807513
282835,chr7,100943683,100943684
283161,chr7,101961742,101961743
283162,chr7,101961750,101961751
283163,chr7,101961753,101961754
283164,chr7,101961769,101961770
283927,chr7,114562327,114562328
284143,chr7,117513382,117513383
284734,chr7,127881208,127881209
285348,chr7,130418005,130418006
290036,chr8,876927,876928
290089,chr8,1321546,1321547
290090,chr8,1321561,1321562
290091,chr8,1321567,1321568
290092,chr8,1321573,1321574
290104,chr8,1449132,1449133
291018,chr8,11537774,11537775
291904,chr8,21882587,21882588
295694,chr8,57033880,57033881
295833,chr8,59231131,59231132
298613,chr8,97506232,97506233
299006,chr8,99984702,99984703
301218,chr8,140718876,140718877
301512,chr8,142317413,142317414
301941,chr8,144240999,144241000
302041,chr8,144403236,144403237
302051,chr8,144403402,144403403
302079,chr8,144442151,144442152
303139,chr8,145732225,145732226
303298,chr8,145938602,145938603
304425,chr9,14313355,14313356
305818,chr9,35828828,35828829
306027,chr9,36819155,36819156
306185,chr9,37750633,37750634
306474,chr9,45357084,45357085
306475,chr9,45357100,45357101
306488,chr9,66458374,66458375
306489,chr9,66458378,66458379
306490,chr9,66458382,66458383
306496,chr9,66493364,66493365
306497,chr9,66493372,66493373
306498,chr9,66493375,66493376
306499,chr9,66493388,66493389
306556,chr9,68412612,68412613
306558,chr9,68413653,68413654
307135,chr9,78507381,78507382
307234,chr9,79634253,79634254
310247,chr9,101471890,101471891
310248,chr9,101471899,101471900
310966,chr9,110250717,110250718
311028,chr9,111157151,111157152
311842,chr9,116917075,116917076
311869,chr9,116932649,116932650
312782,chr9,126778186,126778187
312862,chr9,127215857,127215858
312868,chr9,127215911,127215912
312870,chr9,127215940,127215941
312960,chr9,127268040,127268041
312993,chr9,127615910,127615911
313841,chr9,130830247,130830248
314574,chr9,132146288,132146289
314575,chr9,132146293,132146294
314576,chr9,132146305,132146306
314577,chr9,132146307,132146308
315972,chr9,136224459,136224460
316898,chr9,138987804,138987805
317225,chr9,139604635,139604636
318733,chrX,16737830,16737831
318737,chrX,16737844,16737845
318738,chrX,16737854,16737855
318783,chrX,18372250,18372251
318802,chrX,18372930,18372931
318876,chrX,20009263,20009264
318893,chrX,20286506,20286507
318894,chrX,20286535,20286536
318898,chrX,21392230,21392231
318910,chrX,21392302,21392303
318911,chrX,21392306,21392307
318912,chrX,21392318,21392319
318913,chrX,21392324,21392325
318966,chrX,23352815,23352816
318968,chrX,23352820,23352821
318969,chrX,23352830,23352831
318972,chrX,23352850,23352851
319011,chrX,24483046,24483047
319014,chrX,24483077,24483078
319053,chrX,34675865,34675866
319060,chrX,37431388,37431389
319061,chrX,37431394,37431395
319092,chrX,39681495,39681496
319150,chrX,41782267,41782268
319195,chrX,46772833,46772834
319196,chrX,46772839,46772840
319197,chrX,46772842,46772843
319200,chrX,46772853,46772854
319201,chrX,46772858,46772859
319236,chrX,48554729,48554730
319260,chrX,48814608,48814609
319297,chrX,49056839,49056840
319343,chrX,54522214,54522215
319344,chrX,54522218,54522219
319345,chrX,54522221,54522222
319346,chrX,54522232,54522233
319359,chrX,56590139,56590140
319361,chrX,57936138,57936139
319363,chrX,57936149,57936150
319389,chrX,64887729,64887730
319390,chrX,64887739,64887740
319391,chrX,64887745,64887746
319409,chrX,67653182,67653183
319442,chrX,69672572,69672573
319469,chrX,71351465,71351466
319472,chrX,71351478,71351479
319530,chrX,100075324,100075325
319531,chrX,100075328,100075329
319722,chrX,118602304,118602305
319724,chrX,118602313,118602314
319725,chrX,118602316,118602317
319738,chrX,122866917,122866918
319777,chrX,129116344,129116345
319784,chrX,129117480,129117481
319793,chrX,129194531,129194532
319795,chrX,129194545,129194546
319796,chrX,129194547,129194548
319797,chrX,129194551,129194552
319798,chrX,129194553,129194554
319799,chrX,129194557,129194558
319800,chrX,129194563,129194564
319833,chrX,131157576,131157577
319834,chrX,131157594,131157595
319939,chrX,136116030,136116031
320010,chrX,144899884,144899885
320267,chrX,153362179,153362180
320284,chrX,153664924,153664925
320286,chrX,153664953,153664954
320311,chrX,153672702,153672703
320316,chrX,153672748,153672749
320352,chrX,153718655,153718656
320366,chrX,153775683,153775684
320367,chrX,153775691,153775692
320368,chrX,153775693,153775694
320369,chrX,153775711,153775712
320406,chrX,154255446,154255447
320475,chrY,13463675,13463676
320481,chrY,13470569,13470570
320482,chrY,13470616,13470617
320483,chrY,13470620,13470621
320484,chrY,13470632,13470633
320485,chrY,13470634,13470635
320486,chrY,13470642,13470643
320518,chrY,13478444,13478445
320525,chrY,13488182,13488183
320526,chrY,13488292,13488293
320528,chrY,13488303,13488304
320530,chrY,13488312,13488313
320543,chrY,13489239,13489240
321402,chr1,1859904,1859905
321604,chr1,2399796,2399797
321619,chr1,2433919,2433920
321703,chr1,2496714,2496715
321721,chr1,2526785,2526786
321837,chr1,3017460,3017461
321838,chr1,3017484,3017485
321882,chr1,3137904,3137905
323143,chr1,22965340,22965341
323363,chr1,25856787,25856788
323428,chr1,26589931,26589932
323787,chr1,33358774,33358775
323790,chr1,33358791,33358792
323921,chr1,38096049,38096050
324355,chr1,46955614,46955615
324356,chr1,46955616,46955617
324394,chr1,47915736,47915737
324401,chr1,47999500,47999501
324512,chr1,53973100,53973101
325231,chr1,115323255,115323256
325232,chr1,115323267,115323268
325233,chr1,115323269,115323270
325235,chr1,115323312,115323313
325349,chr1,146556806,146556807
325494,chr1,152085380,152085381
326073,chr1,178475530,178475531
326098,chr1,180182696,180182697
326099,chr1,180182711,180182712
326289,chr1,201221547,201221548
327012,chr1,235054864,235054865
327089,chr1,237256256,237256257
327331,chr10,1531498,1531499
327332,chr10,1531529,1531530
327400,chr10,3921529,3921530
327461,chr10,6078864,6078865
328463,chr10,74100863,74100864
328464,chr10,74100866,74100867
328465,chr10,74100894,74100895
328549,chr10,77159511,77159512
328824,chr10,96144862,96144863
329377,chr10,116061880,116061881
329471,chr10,121077007,121077008
329884,chr10,131989080,131989081
329885,chr10,131989095,131989096
329886,chr10,131989110,131989111
330157,chr10,134735479,134735480
330159,chr10,134735541,134735542
330899,chr11,1051005,1051006
331205,chr11,2481370,2481371
331393,chr11,7678129,7678130
332136,chr11,57097739,57097740
332334,chr11,61496648,61496649
332335,chr11,61496669,61496670
332751,chr11,64597308,64597309
333663,chr11,69541358,69541359
334850,chr11,133842706,133842707
334852,chr11,133848063,133848064
335687,chr12,48473144,48473145
337090,chr12,114007915,114007916
337659,chr12,130195452,130195453
339097,chr13,110903606,110903607
339388,chr13,114530593,114530594
339597,chr14,23829163,23829164
340104,chr14,61547426,61547427
340549,chr14,91730426,91730427
340661,chr14,96180552,96180553
340672,chr14,96514243,96514244
340746,chr14,100039424,100039425
340875,chr14,101030386,101030387
341013,chr14,103389654,103389655
341066,chr14,103984264,103984265
341152,chr14,104566230,104566231
341161,chr14,104583653,104583654
341216,chr14,104843218,104843219
341253,chr14,105102382,105102383
341626,chr15,20486423,20486424
341839,chr15,38746780,38746781
341929,chr15,41136300,41136301
342007,chr15,41795475,41795476
342044,chr15,42174516,42174517
342658,chr15,74511100,74511101
342661,chr15,74514326,74514327
342662,chr15,74514346,74514347
342727,chr15,75108783,75108784
342909,chr15,77847243,77847244
343325,chr15,94404977,94404978
343411,chr15,101267785,101267786
344156,chr16,1075357,1075358
344171,chr16,1094478,1094479
344339,chr16,1351404,1351405
344340,chr16,1351410,1351411
345091,chr16,3223541,3223542
345466,chr16,9849656,9849657
345490,chr16,11018384,11018385
346593,chr16,58061456,58061457
346873,chr16,68394977,68394978
347352,chr16,85095301,85095302
347559,chr16,86549357,86549358
347817,chr16,88701074,88701075
348236,chr16,89776535,89776536
348732,chr17,1975539,1975540
348845,chr17,2868896,2868897
349685,chr17,17463363,17463364
350130,chr17,28804643,28804644
350337,chr17,34958689,34958690
351055,chr17,44952529,44952530
351236,chr17,47269769,47269770
351891,chr17,65040231,65040232
351900,chr17,65713882,65713883
351986,chr17,70419296,70419297
351987,chr17,70419318,70419319
352138,chr17,72857401,72857402
352280,chr17,73732681,73732682
352504,chr17,75525496,75525497
352836,chr17,78041423,78041424
352841,chr17,78041464,78041465
352894,chr17,78262132,78262133
353730,chr17,80085324,80085325
353731,chr17,80085332,80085333
354069,chr18,1126120,1126121
354204,chr18,8744225,8744226
354542,chr18,45194239,45194240
355453,chr19,844133,844134
355504,chr19,912359,912360
355712,chr19,1158800,1158801
356183,chr19,1985348,1985349
356188,chr19,1985398,1985399
356882,chr19,4059545,4059546
357734,chr19,10515988,10515989
358614,chr19,17536138,17536139
359068,chr19,33134037,33134038
359098,chr19,33641913,33641914
359346,chr19,37178731,37178732
359347,chr19,37178733,37178734
360372,chr19,48229404,48229405
360483,chr19,49200003,49200004
360881,chr19,51703549,51703550
360918,chr19,52873171,52873172
360919,chr19,52873173,52873174
361028,chr19,55598698,55598699
361468,chr2,467403,467404
361838,chr2,9920249,9920250
362123,chr2,25384611,25384612
363035,chr2,95690685,95690686
363775,chr2,129447871,129447872
364127,chr2,174877677,174877678
364128,chr2,174877685,174877686
364468,chr2,206641088,206641089
364469,chr2,206641090,206641091
364613,chr2,219433897,219433898
364618,chr2,219516621,219516622
364885,chr2,231851892,231851893
364886,chr2,231851904,231851905
364977,chr2,233204527,233204528
364991,chr2,233285958,233285959
365120,chr2,237828432,237828433
365396,chr2,241351632,241351633
365875,chr20,3725614,3725615
366254,chr20,30084760,30084761
366528,chr20,35169981,35169982
366651,chr20,38449816,38449817
367069,chr20,49308028,49308029
367081,chr20,49493043,49493044
367337,chr20,60689857,60689858
367460,chr20,60912611,60912612
367461,chr20,60912649,60912650
367616,chr20,61371472,61371473
367878,chr20,62084231,62084232
368266,chr21,9825820,9825821
368277,chr21,9913766,9913767
368575,chr21,38070148,38070149
368828,chr21,44803651,44803652
368860,chr21,44863984,44863985
368883,chr21,45337209,45337210
369068,chr21,46170112,46170113
369116,chr21,46388162,46388163
369964,chr22,25019761,25019762
369966,chr22,25019781,25019782
369979,chr22,25789213,25789214
370197,chr22,30776039,30776040
370329,chr22,34452967,34452968
370351,chr22,36090303,36090304
370424,chr22,37799579,37799580
370639,chr22,40804713,40804714
371124,chr22,45899215,45899216
371218,chr22,46474873,46474874
371223,chr22,46476414,46476415
371820,chr22,50698696,50698697
372591,chr3,38356376,38356377
373110,chr3,50496345,50496346
373408,chr3,64671088,64671089
373413,chr3,64671130,64671131
373912,chr3,128209530,128209531
373913,chr3,128209550,128209551
374561,chr3,183523045,183523046
374799,chr3,195590112,195590113
375057,chr4,828301,828302
375072,chr4,852639,852640
375273,chr4,1394661,1394662
375284,chr4,1544575,1544576
375302,chr4,1558717,1558718
375303,chr4,1558723,1558724
375305,chr4,1558736,1558737
375500,chr4,2366963,2366964
375501,chr4,2366970,2366971
375656,chr4,3761941,3761942
375885,chr4,7741547,7741548
376264,chr4,47839904,47839905
376541,chr4,85404026,85404027
376542,chr4,85404032,85404033
376649,chr4,104857800,104857801
377430,chr5,603227,603228
377446,chr5,628874,628875
377716,chr5,1246384,1246385
377905,chr5,1887983,1887984
377906,chr5,1887997,1887998
378863,chr5,123993284,123993285
378980,chr5,133272460,133272461
380275,chr6,1393250,1393251
381127,chr6,41304458,41304459
381939,chr6,137809521,137809522
382039,chr6,148830831,148830832
382202,chr6,156830764,156830765
382203,chr6,156830767,156830768
382225,chr6,157738429,157738430
382534,chr6,168973648,168973649
382894,chr7,1259438,1259439
383896,chr7,27283085,27283086
383897,chr7,27283095,27283096
384055,chr7,39989239,39989240
384768,chr7,98437889,98437890
384769,chr7,98437918,98437919
385061,chr7,100843572,100843573
385161,chr7,102212906,102212907
385290,chr7,121946923,121946924
385291,chr7,121946944,121946945
386264,chr7,155590044,155590045
386500,chr7,157772374,157772375
386519,chr7,158046153,158046154
386719,chr8,1940358,1940359
386722,chr8,2037954,2037955
386723,chr8,2037968,2037969
386724,chr8,2037976,2037977
386725,chr8,2037985,2037986
386726,chr8,2038013,2038014
386842,chr8,11323556,11323557
388029,chr8,124197463,124197464
388101,chr8,134094845,134094846
388268,chr8,142484537,142484538
388291,chr8,142942209,142942210
388292,chr8,142942222,142942223
388293,chr8,142942225,142942226
388661,chr8,144694108,144694109
389000,chr8,145166422,145166423
390100,chr9,91994457,91994458
390239,chr9,96539415,96539416
390240,chr9,96539481,96539482
390554,chr9,115708079,115708080
390604,chr9,120141543,120141544
390756,chr9,127104235,127104236
391240,chr9,131862467,131862468
391889,chr9,137175665,137175666
391932,chr9,137313798,137313799
392050,chr9,138248824,138248825
392077,chr9,138476553,138476554
392082,chr9,138642667,138642668
392172,chr9,139070268,139070269
392200,chr9,139145860,139145861
392400,chr9,139548004,139548005
392401,chr9,139548009,139548010
393015,chrX,21392210,21392211
393016,chrX,21392224,21392225
393019,chrX,21392839,21392840
393144,chrX,48432936,48432937
393145,chrX,48456564,48456565
393156,chrX,48659951,48659952
393157,chrX,48659956,48659957
393158,chrX,48659962,48659963
393159,chrX,48659965,48659966
393160,chrX,48659972,48659973
393207,chrX,49687469,49687470
393208,chrX,49687485,49687486
393209,chrX,49687490,49687491
393328,chrX,102470652,102470653
393409,chrX,119695213,119695214
393411,chrX,119695227,119695228
393427,chrX,128788707,128788708
393450,chrX,129299292,129299293
393461,chrX,133306857,133306858
393472,chrX,134048875,134048876
393473,chrX,134048884,134048885
393474,chrX,134048891,134048892
393475,chrX,134048894,134048895
393476,chrX,134048905,134048906
393477,chrX,134048916,134048917
393478,chrX,134048932,134048933
393512,chrX,138287384,138287385
393534,chrX,149736933,149736934
393660,chrX,153607909,153607910
393661,chrX,153607913,153607914
393663,chrX,153607932,153607933
393664,chrX,153607935,153607936
393666,chrX,153607942,153607943
393667,chrX,153607954,153607955
393668,chrX,153627189,153627190
393719,chrY,13471675,13471676
394467,chr1,3327108,3327109
394468,chr1,3327117,3327118
396093,chr1,40974110,40974111
396165,chr1,43473039,43473040
396358,chr1,47915854,47915855
396633,chr1,67934025,67934026
398454,chr1,228210433,228210434
398726,chr1,245755454,245755455
398781,chr10,393367,393368
398873,chr10,3100241,3100242
399044,chr10,12376276,12376277
400418,chr10,108371639,108371640
400571,chr10,120958340,120958341
400909,chr10,134109919,134109920
401544,chr11,2550080,2550081
402404,chr11,61513162,61513163
403576,chr11,74875058,74875059
404092,chr11,119973515,119973516
404741,chr12,11409724,11409725
405071,chr12,34504448,34504449
406829,chr12,132108102,132108103
407638,chr13,96989481,96989482
407986,chr13,114435943,114435944
408195,chr14,30119668,30119669
409015,chr14,95463209,95463210
409722,chr14,106321097,106321098
410082,chr15,42148756,42148757
411321,chr15,101549192,101549193
411792,chr16,1060821,1060822
411891,chr16,1220088,1220089
412733,chr16,11305215,11305216
412911,chr16,20256327,20256328
413440,chr16,33966236,33966237
413504,chr16,49499048,49499049
413506,chr16,49499061,49499062
413633,chr16,55880796,55880797
413634,chr16,55880806,55880807
413858,chr16,67292267,67292268
414488,chr16,87552025,87552026
415996,chr17,21558242,21558243
416071,chr17,27030833,27030834
417008,chr17,46670994,46670995
417643,chr17,71007139,71007140
417796,chr17,73266826,73266827
418121,chr17,76719488,76719489
418984,chr18,1930724,1930725
418986,chr18,2033506,2033507
419298,chr18,25393142,25393143
419528,chr18,57421659,57421660
420064,chr19,861406,861407
421704,chr19,12877064,12877065
423191,chr19,41977065,41977066
423374,chr19,45261317,45261318
424282,chr19,56988708,56988709
424283,chr19,56988720,56988721
424978,chr2,27282095,27282096
425836,chr2,98792508,98792509
426403,chr2,133088032,133088033
426716,chr2,176977922,176977923
427408,chr2,234763176,234763177
427594,chr2,240046504,240046505
427595,chr2,240046519,240046520
427844,chr2,242830013,242830014
427848,chr2,242964472,242964473
430190,chr21,45402793,45402794
431401,chr22,38478012,38478013
432015,chr22,48913351,48913352
432050,chr22,49155108,49155109
432465,chr3,11793647,11793648
433238,chr3,54518592,54518593
433535,chr3,117533351,117533352
434085,chr3,143526755,143526756
435238,chr4,5733689,5733690
435319,chr4,7278500,7278501
435718,chr4,48885328,48885329
436502,chr4,179760423,179760424
436856,chr5,1246054,1246055
437344,chr5,45703009,45703010
437352,chr5,53606416,53606417
438229,chr5,154399471,154399472
438419,chr5,173183410,173183411
439106,chr6,17702598,17702599
439673,chr6,46821637,46821638
440275,chr6,133476512,133476513
440640,chr6,166825853,166825854
440649,chr6,166884501,166884502
441307,chr7,2958126,2958127
441308,chr7,2999155,2999156
442077,chr7,64035469,64035470
442078,chr7,64035487,64035488
442692,chr7,102212875,102212876
442793,chr7,121947386,121947387
443369,chr7,150671608,150671609
443827,chr8,1138659,1138660
443935,chr8,5461991,5461992
443940,chr8,6881626,6881627
444578,chr8,46941295,46941296
444743,chr8,70401137,70401138
444871,chr8,94659278,94659279
445215,chr8,139870192,139870193
445402,chr8,143573114,143573115
445774,chr8,145180902,145180903
446606,chr9,93669426,93669427
448026,chr9,138770565,138770566
448676,chrX,12993857,12993858
448678,chrX,12993877,12993878
448719,chrX,16965058,16965059
448721,chrX,16965064,16965065
448727,chrX,17756762,17756763
448728,chrX,17756817,17756818
448816,chrX,31285009,31285010
448845,chrX,38664127,38664128
448867,chrX,39680439,39680440
448954,chrX,40440021,40440022
449028,chrX,46405427,46405428
449071,chrX,48334628,48334629
449106,chrX,48900485,48900486
449107,chrX,48900511,48900512
449200,chrX,54209451,54209452
449201,chrX,54209463,54209464
449202,chrX,54209466,54209467
449203,chrX,54209468,54209469
449205,chrX,54556648,54556649
449211,chrX,54834901,54834902
449216,chrX,56590185,56590186
449278,chrX,68049663,68049664
449292,chrX,68836163,68836164
449296,chrX,69353178,69353179
449353,chrX,74494468,74494469
449355,chrX,75648668,75648669
449356,chrX,77151023,77151024
449373,chrX,80064979,80064980
449398,chrX,100075293,100075294
449411,chrX,102470134,102470135
449445,chrX,106693732,106693733
449446,chrX,106693744,106693745
449447,chrX,106693757,106693758
449454,chrX,107334890,107334891
449479,chrX,115004711,115004712
449504,chrX,118708442,118708443
449564,chrX,129087115,129087116
449565,chrX,129087146,129087147
449626,chrX,132548736,132548737
449658,chrX,134477906,134477907
449659,chrX,134478428,134478429
449671,chrX,135056008,135056009
449694,chrX,135333536,135333537
449732,chrX,139015354,139015355
449734,chrX,139015377,139015378
449747,chrX,149532962,149532963
449748,chrX,149737533,149737534
449749,chrX,149737537,149737538
449750,chrX,149737542,149737543
449751,chrX,149737546,149737547
449840,chrX,153060343,153060344
449897,chrX,153285934,153285935
449919,chrX,153599563,153599564
449923,chrX,153599590,153599591
449943,chrX,153626287,153626288
449945,chrX,153626318,153626319
449961,chrX,153639840,153639841
449995,chrX,153718665,153718666
449997,chrX,153718687,153718688
450007,chrX,153775494,153775495
450008,chrX,153775496,153775497
450291,chr1,1248215,1248216
450326,chr1,1322734,1322735
450405,chr1,1609073,1609074
450406,chr1,1609077,1609078
450558,chr1,2501163,2501164
451153,chr1,12254819,12254820
451708,chr1,32198479,32198480
451709,chr1,32198487,32198488
452130,chr1,55050387,55050388
452891,chr1,180240544,180240545
453196,chr1,224061025,224061026
453260,chr1,228158850,228158851
453503,chr1,245728883,245728884
453505,chr1,245728899,245728900
454118,chr10,47000420,47000421
454319,chr10,73418475,73418476
454355,chr10,75415704,75415705
455515,chr10,134823815,134823816
455618,chr10,135095735,135095736
456236,chr11,11584859,11584860
456273,chr11,17417677,17417678
456994,chr11,67801149,67801150
457022,chr11,68207362,68207363
457746,chr11,126400140,126400141
458078,chr12,12355302,12355303
460110,chr13,99196066,99196067
460542,chr13,114529250,114529251
460911,chr14,57283557,57283558
461564,chr14,102527011,102527012
461575,chr14,103007297,103007298
461853,chr14,105499936,105499937
462253,chr15,42652352,42652353
462254,chr15,42652379,42652380
462929,chr15,101694814,101694815
463127,chr16,944315,944316
463410,chr16,1582219,1582220
463411,chr16,1585903,1585904
465482,chr17,64743,64744
465684,chr17,1939852,1939853
466067,chr17,10024585,10024586
466257,chr17,21241121,21241122
466348,chr17,28292080,28292081
466384,chr17,32419206,32419207
466923,chr17,54989946,54989947
466924,chr17,54989955,54989956
466925,chr17,54989967,54989968
467182,chr17,71715942,71715943
467183,chr17,71715949,71715950
467232,chr17,72786453,72786454
467234,chr17,72786461,72786462
467235,chr17,72786473,72786474
467477,chr17,75818795,75818796
467585,chr17,77317948,77317949
468021,chr17,79984867,79984868
468087,chr17,80387356,80387357
468089,chr17,80387409,80387410
468118,chr17,80873080,80873081
468119,chr17,80873088,80873089
468657,chr18,60278429,60278430
469092,chr19,455513,455514
469261,chr19,863244,863245
469573,chr19,1841619,1841620
469827,chr19,3421235,3421236
470129,chr19,5994219,5994220
470592,chr19,14486745,14486746
471383,chr19,42007360,42007361
471453,chr19,43893288,43893289
472003,chr19,55734416,55734417
472776,chr2,43295364,43295365
472777,chr2,43295368,43295369
473183,chr2,85902140,85902141
473274,chr2,100443418,100443419
473303,chr2,105495828,105495829
473665,chr2,131773556,131773557
473686,chr2,133031386,133031387
473944,chr2,178627794,178627795
473945,chr2,178627806,178627807
473946,chr2,178627808,178627809
474203,chr2,220147650,220147651
474917,chr20,555354,555355
474919,chr20,555374,555375
475089,chr20,21085723,21085724
475622,chr20,49006857,49006858
475749,chr20,56796942,56796943
476510,chr21,36877500,36877501
476518,chr21,37417575,37417576
476723,chr21,44282131,44282132
476751,chr21,44758758,44758759
476761,chr21,44782011,44782012
476824,chr21,45372508,45372509
477123,chr21,47418640,47418641
477274,chr22,18413749,18413750
477634,chr22,30660573,30660574
477739,chr22,37134050,37134051
477754,chr22,37456849,37456850
478053,chr22,43654123,43654124
478553,chr22,50058357,50058358
478554,chr22,50058367,50058368
479521,chr3,72211544,72211545
479522,chr3,72211560,72211561
479523,chr3,72211569,72211570
479568,chr3,80100504,80100505
479858,chr3,128322871,128322872
481059,chr4,6611055,6611056
481060,chr4,6611069,6611070
481061,chr4,6611073,6611074
481062,chr4,6611075,6611076
481148,chr4,7735194,7735195
481204,chr4,8262724,8262725
481851,chr4,143395252,143395253
481918,chr4,155812514,155812515
482734,chr5,38879872,38879873
483296,chr5,139062399,139062400
483419,chr5,150660996,150660997
485252,chr6,167889262,167889263
485547,chr7,392593,392594
485947,chr7,1535632,1535633
486023,chr7,1907319,1907320
486142,chr7,3234606,3234607
486251,chr7,5123040,5123041
486312,chr7,6159752,6159753
486813,chr7,69935934,69935935
487413,chr7,131913202,131913203
487446,chr7,138164724,138164725
487743,chr7,155191166,155191167
488007,chr7,157926598,157926599
488091,chr7,158716403,158716404
488341,chr8,3444482,3444483
489309,chr8,142374118,142374119
489310,chr8,142374149,142374150
490606,chr9,129184182,129184183
490607,chr9,129184186,129184187
490645,chr9,130254038,130254039
491179,chr9,137655381,137655382
491275,chr9,138496280,138496281
491409,chr9,139142011,139142012
492162,chrX,70338351,70338352
492513,chrY,13471603,13471604
492517,chrY,13488271,13488272
492519,chrY,13488278,13488279
493365,chr1,3164526,3164527
493988,chr1,9791314,9791315
494415,chr1,15416965,15416966
494804,chr1,18617949,18617950
495032,chr1,20693561,20693562
495215,chr1,22642219,22642220
496782,chr1,38230060,38230061
496829,chr1,38510215,38510216
496830,chr1,38510222,38510223
496831,chr1,38510231,38510232
496832,chr1,38510236,38510237
497096,chr1,41794264,41794265
497840,chr1,50889237,50889238
497841,chr1,50889247,50889248
497842,chr1,50889263,50889264
499289,chr1,94712750,94712751
499609,chr1,110528025,110528026
499936,chr1,114695532,114695533
500178,chr1,142618761,142618762
500329,chr1,148901530,148901531
500333,chr1,148929873,148929874
500370,chr1,149224609,149224610
500372,chr1,149224711,149224712
501217,chr1,156406417,156406418
502024,chr1,175635757,175635758
502899,chr1,202597259,202597260
504119,chr1,227506913,227506914
504120,chr1,227506936,227506937
506033,chr10,24497850,24497851
506034,chr10,24497857,24497858
506035,chr10,24497859,24497860
506036,chr10,24497869,24497870
506037,chr10,24497873,24497874
506038,chr10,24497877,24497878
506039,chr10,24497881,24497882
506266,chr10,30872900,30872901
506267,chr10,30872930,30872931
506785,chr10,46992694,46992695
506799,chr10,46993145,46993146
506800,chr10,46993153,46993154
506801,chr10,46993160,46993161
507947,chr10,81002164,81002165
510031,chr10,119301828,119301829
510218,chr10,122739198,122739199
510226,chr10,123355752,123355753
510928,chr10,132697676,132697677
512110,chr11,2341441,2341442
512188,chr11,2849078,2849079
512471,chr11,8705143,8705144
513362,chr11,31836070,31836071
513363,chr11,31836073,31836074
513364,chr11,31836075,31836076
514125,chr11,47417403,47417404
514418,chr11,61276493,61276494
514766,chr11,63677519,63677520
517321,chr11,107799776,107799777
518985,chr12,3068831,3068832
521890,chr12,65515089,65515090
521891,chr12,65515097,65515098
521892,chr12,65515099,65515100
521893,chr12,65515102,65515103
522368,chr12,85674644,85674645
522623,chr12,97857054,97857055
522760,chr12,103311143,103311144
523040,chr12,108523756,108523757
523403,chr12,113684010,113684011
524453,chr12,125348221,125348222
524593,chr12,130589151,130589152
524796,chr12,133180751,133180752
526386,chr13,58206207,58206208
526387,chr13,58206224,58206225
526824,chr13,97878103,97878104
527189,chr13,107187315,107187316
527190,chr13,107187333,107187334
527191,chr13,107187335,107187336
527753,chr14,19890232,19890233
529176,chr14,57275157,57275158
529681,chr14,66974904,66974905
529682,chr14,66974906,66974907
529683,chr14,66974911,66974912
529894,chr14,70234886,70234887
530645,chr14,88790299,88790300
530646,chr14,88790304,88790305
530647,chr14,88790315,88790316
531010,chr14,95235797,95235798
532015,chr14,105028700,105028701
532434,chr15,22095236,22095237
532544,chr15,26874240,26874241
532578,chr15,27216012,27216013
532598,chr15,28014316,28014317
535368,chr15,79237293,79237294
535857,chr15,89905961,89905962
537174,chr16,1238632,1238633
537301,chr16,1583899,1583900
538213,chr16,5550217,5550218
538215,chr16,5550227,5550228
538452,chr16,11767124,11767125
538603,chr16,15807704,15807705
539893,chr16,49311957,49311958
539904,chr16,49314818,49314819
539905,chr16,49314823,49314824
539906,chr16,49314826,49314827
540763,chr16,67226937,67226938
541564,chr16,79314101,79314102
541734,chr16,84210368,84210369
542664,chr16,90172816,90172817
543391,chr17,4841854,4841855
544601,chr17,17184051,17184052
544977,chr17,21253948,21253949
547284,chr17,46719324,46719325
547971,chr17,58216500,58216501
550178,chr17,78977482,78977483
550825,chr17,80338184,80338185
551293,chr18,7257107,7257108
551412,chr18,9994457,9994458
551752,chr18,19674041,19674042
552483,chr18,47258178,47258179
552612,chr18,53145159,53145160
553645,chr19,560326,560327
555456,chr19,5802826,5802827
555865,chr19,8213342,8213343
556655,chr19,12780269,12780270
558453,chr19,30020086,30020087
558573,chr19,32532494,32532495
560463,chr19,45395186,45395187
561232,chr19,49001766,49001767
561233,chr19,49001773,49001774
561610,chr19,50058328,50058329
561612,chr19,50058378,50058379
562225,chr19,53541123,53541124
562226,chr19,53541125,53541126
562396,chr19,54721334,54721335
563411,chr2,1625185,1625186
563422,chr2,1818231,1818232
563490,chr2,5831687,5831688
564596,chr2,27746169,27746170
564618,chr2,28469983,28469984
564699,chr2,29224142,29224143
565286,chr2,45171340,45171341
565358,chr2,45237791,45237792
565490,chr2,47796931,47796932
565491,chr2,47796934,47796935
565492,chr2,47796946,47796947
565493,chr2,47796951,47796952
565962,chr2,66666610,66666611
565963,chr2,66666637,66666638
565985,chr2,66672876,66672877
566016,chr2,68133660,68133661
566017,chr2,68133665,68133666
566018,chr2,68133670,68133671
567216,chr2,91776884,91776885
567219,chr2,91776908,91776909
567223,chr2,91777292,91777293
567225,chr2,91777677,91777678
567227,chr2,91777686,91777687
567228,chr2,91777692,91777693
567400,chr2,97483046,97483047
568136,chr2,113992952,113992953
568137,chr2,113992966,113992967
568264,chr2,119593799,119593800
568269,chr2,119599845,119599846
568389,chr2,120964369,120964370
568937,chr2,133014735,133014736
568945,chr2,133062414,133062415
569565,chr2,170572530,170572531
570226,chr2,177054496,177054497
570909,chr2,206551249,206551250
571013,chr2,210288935,210288936
571111,chr2,218860250,218860251
571915,chr2,232290892,232290893
572090,chr2,233370670,233370671
572426,chr2,238416262,238416263
572427,chr2,238416282,238416283
572436,chr2,238535846,238535847
574137,chr20,22747325,22747326
574253,chr20,24746447,24746448
575527,chr20,44937020,44937021
575528,chr20,44937026,44937027
575529,chr20,44937039,44937040
575928,chr20,55201893,55201894
576145,chr20,57226287,57226288
577032,chr21,10597191,10597192
577666,chr21,35882879,35882880
578398,chr21,45293202,45293203
578880,chr22,17443046,17443047
578909,chr22,17694389,17694390
579447,chr22,23611848,23611849
580108,chr22,32531862,32531863
581607,chr22,50319331,50319332
582050,chr3,3841416,3841417
582122,chr3,6903811,6903812
582401,chr3,12933946,12933947
583381,chr3,44038105,44038106
583383,chr3,44038230,44038231
583384,chr3,44038233,44038234
584140,chr3,50711971,50711972
584883,chr3,68056640,68056641
584884,chr3,68056659,68056660
585649,chr3,119813533,119813534
585811,chr3,125709296,125709297
586486,chr3,134168985,134168986
586929,chr3,145968789,145968790
587591,chr3,171177843,171177844
587594,chr3,171177945,171177946
587595,chr3,171177952,171177953
588270,chr3,194080771,194080772
588594,chr3,197321888,197321889
588656,chr4,53548,53549
589808,chr4,8073733,8073734
591057,chr4,52918103,52918104
591357,chr4,71326400,71326401
591417,chr4,73434904,73434905
591865,chr4,85887053,85887054
592146,chr4,101727112,101727113
592487,chr4,114682581,114682582
592665,chr4,128704420,128704421
593563,chr4,174438760,174438761
593890,chr4,186123905,186123906
593944,chr4,187645936,187645937
593945,chr4,187645948,187645949
593946,chr4,187645960,187645961
594304,chr5,1594632,1594633
595315,chr5,50264873,50264874
595316,chr5,50264876,50264877
595494,chr5,55985435,55985436
595977,chr5,72861374,72861375
597113,chr5,123643323,123643324
597206,chr5,127874059,127874060
597207,chr5,127874062,127874063
597208,chr5,127874073,127874074
598185,chr5,140174841,140174842
598305,chr5,140800995,140800996
598505,chr5,141675184,141675185
599095,chr5,158532295,158532296
599255,chr5,170845958,170845959
599476,chr5,173846170,173846171
599477,chr5,173846172,173846173
600182,chr5,179564468,179564469
601234,chr6,10882021,10882022
601237,chr6,10882043,10882044
601909,chr6,27560366,27560367
602409,chr6,37616867,37616868
603182,chr6,50787639,50787640
603183,chr6,50787648,50787649
603184,chr6,50787650,50787651
603185,chr6,50787658,50787659
603186,chr6,50787668,50787669
603315,chr6,58147298,58147299
603433,chr6,73332691,73332692
603520,chr6,75915385,75915386
603577,chr6,79339575,79339576
607523,chr7,8482270,8482271
607525,chr7,8482299,8482300
608510,chr7,35297339,35297340
608511,chr7,35297344,35297345
608512,chr7,35297347,35297348
608513,chr7,35297349,35297350
608514,chr7,35297355,35297356
608524,chr7,35298391,35298392
608526,chr7,35298410,35298411
608835,chr7,45118052,45118053
609105,chr7,56243724,56243725
609133,chr7,57431455,57431456
609862,chr7,89748058,89748059
610238,chr7,99516746,99516747
610240,chr7,99516763,99516764
610382,chr7,100136749,100136750
610527,chr7,100609604,100609605
610642,chr7,100943659,100943660
610643,chr7,100943665,100943666
610757,chr7,103086131,103086132
611033,chr7,112758662,112758663
611039,chr7,113725246,113725247
611563,chr7,132008901,132008902
611804,chr7,140114617,140114618
613354,chr8,10588938,10588939
613355,chr8,10588942,10588943
613356,chr8,10588946,10588947
613357,chr8,10588948,10588949
613412,chr8,11057747,11057748
613712,chr8,17152068,17152069
616469,chr8,99960064,99960065
617231,chr8,133900691,133900692
618498,chr9,972244,972245
618499,chr9,972249,972250
618784,chr9,14314555,14314556
619612,chr9,38741269,38741270
619624,chr9,44878745,44878746
619632,chr9,66456491,66456492
619647,chr9,68413823,68413824
621278,chr9,116069835,116069836
621406,chr9,122732071,122732072
621785,chr9,128170616,128170617
622362,chr9,133068170,133068171
624418,chrX,16737768,16737769
624419,chrX,16737770,16737771
624777,chrX,38079717,38079718
624818,chrX,39770079,39770080
624932,chrX,39951317,39951318
625187,chrX,40031873,40031874
625213,chrX,40035737,40035738
625214,chrX,40035740,40035741
625215,chrX,40035752,40035753
625216,chrX,40035755,40035756
625318,chrX,42856362,42856363
625325,chrX,43741675,43741676
625421,chrX,46618181,46618182
625422,chrX,46618184,46618185
625510,chrX,48595816,48595817
625535,chrX,48776072,48776073
625548,chrX,48931469,48931470
625549,chrX,48931472,48931473
625550,chrX,48931478,48931479
625551,chrX,48931484,48931485
625552,chrX,48931490,48931491
625729,chrX,54209130,54209131
625730,chrX,54209142,54209143
625732,chrX,54209148,54209149
625824,chrX,63424762,63424763
625825,chrX,63424782,63424783
625980,chrX,70712483,70712484
625981,chrX,70712487,70712488
626029,chrX,71792745,71792746
626108,chrX,90689826,90689827
626193,chrX,102001536,102001537
626213,chrX,103173397,103173398
626215,chrX,103173401,103173402
626216,chrX,103173418,103173419
626327,chrX,109246494,109246495
626328,chrX,109246526,109246527
626388,chrX,115004716,115004717
626392,chrX,115005098,115005099
626393,chrX,115005101,115005102
626394,chrX,115005103,115005104
626395,chrX,115005109,115005110
626400,chrX,117250123,117250124
626449,chrX,118371165,118371166
626524,chrX,119149359,119149360
626821,chrX,136116473,136116474
626822,chrX,136116496,136116497
626884,chrX,138287356,138287357
626981,chrX,149531084,149531085
626994,chrX,149532991,149532992
627143,chrX,153094806,153094807
627251,chrX,153672826,153672827
627310,chrY,10037875,10037876
627316,chrY,13462675,13462676
627320,chrY,13471777,13471778
627334,chrY,13489085,13489086
627335,chrY,13489090,13489091
627359,chr1,881421,881422
627707,chr1,2740675,2740676
627850,chr1,3574188,3574189
627913,chr1,4783434,4783435
628158,chr1,10880369,10880370
628501,chr1,20204050,20204051
628571,chr1,22582646,22582647
628684,chr1,25289426,25289427
628856,chr1,32082733,32082734
629124,chr1,41922139,41922140
629188,chr1,44060116,44060117
629256,chr1,46247369,46247370
629922,chr1,154544709,154544710
630287,chr1,201094570,201094571
630443,chr1,209945868,209945869
630542,chr1,222778242,222778243
630714,chr1,229265603,229265604
630764,chr1,234367057,234367058
631195,chr10,21683249,21683250
631425,chr10,43598647,43598648
631435,chr10,43837823,43837824
631813,chr10,77165138,77165139
631951,chr10,88333861,88333862
631990,chr10,94819904,94819905
632368,chr10,118530958,118530959
632483,chr10,124578180,124578181
632585,chr10,127584959,127584960
632595,chr10,127585307,127585308
632969,chr11,378059,378060
632986,chr11,440628,440629
633032,chr11,692927,692928
633033,chr11,692949,692950
633120,chr11,1278863,1278864
633218,chr11,1975086,1975087
633220,chr11,1988645,1988646
633242,chr11,2324965,2324966
634281,chr11,68180792,68180793
634372,chr11,70097941,70097942
634457,chr11,73062223,73062224
634506,chr11,75598275,75598276
634820,chr11,119848896,119848897
635648,chr12,50188767,50188768
635663,chr12,50567950,50567951
636584,chr12,125450317,125450318
636724,chr12,132293403,132293404
636799,chr12,133303954,133303955
637065,chr13,43149104,43149105
637121,chr13,50707645,50707646
637196,chr13,73811964,73811965
637608,chr13,114566701,114566702
637646,chr14,20137690,20137691
637776,chr14,35761810,35761811
638055,chr14,65654329,65654330
638056,chr14,65654353,65654354
638075,chr14,69014440,69014441
638375,chr14,94259308,94259309
638432,chr14,96521447,96521448
638433,chr14,96521475,96521476
638459,chr14,97402705,97402706
638642,chr14,102681613,102681614
639473,chr15,58814776,58814777
639488,chr15,60653483,60653484
639530,chr15,64791681,64791682
639995,chr15,90216711,90216712
640140,chr15,99205901,99205902
640403,chr16,1168048,1168049
640563,chr16,2124115,2124116
640639,chr16,2656136,2656137
640646,chr16,2743059,2743060
640837,chr16,4991230,4991231
641136,chr16,29185813,29185814
641334,chr16,34472703,34472704
641779,chr16,73034040,73034041
641905,chr16,83726080,83726081
642071,chr16,86032467,86032468
642279,chr16,88909054,88909055
642317,chr16,89199942,89199943
642318,chr16,89199944,89199945
642319,chr16,89199951,89199952
642320,chr16,89199956,89199957
642479,chr17,698459,698460
642556,chr17,1674460,1674461
642823,chr17,7254887,7254888
642950,chr17,9676148,9676149
643246,chr17,26554439,26554440
643774,chr17,46061475,46061476
643993,chr17,55740811,55740812
644142,chr17,63163847,63163848
644301,chr17,72628696,72628697
644305,chr17,72786390,72786391
644306,chr17,72786401,72786402
644307,chr17,72786405,72786406
644308,chr17,72786417,72786418
644349,chr17,73492538,73492539
644374,chr17,73647209,73647210
644490,chr17,75587536,75587537
644711,chr17,78396366,78396367
645022,chr17,80510772,80510773
645153,chr18,7024594,7024595
645519,chr18,55104167,55104168
645532,chr18,56072215,56072216
645715,chr18,75591758,75591759
645770,chr18,77147840,77147841
645973,chr19,683586,683587
646643,chr19,5110922,5110923
647003,chr19,13889562,13889563
647427,chr19,31956877,31956878
647488,chr19,34270361,34270362
647890,chr19,43773225,43773226
648748,chr2,2699540,2699541
648934,chr2,15940032,15940033
649039,chr2,25519160,25519161
649557,chr2,70408885,70408886
649558,chr2,70409005,70409006
649810,chr2,96774723,96774724
649896,chr2,100296727,100296728
650258,chr2,128408690,128408691
650509,chr2,169659070,169659071
650774,chr2,214053923,214053924
650867,chr2,222476065,222476066
651050,chr2,236129103,236129104
651200,chr2,240213003,240213004
651421,chr20,633158,633159
651422,chr20,633169,633170
651520,chr20,6062868,6062869
651638,chr20,21695628,21695629
651943,chr20,36771872,36771873
652214,chr20,52480922,52480923
652478,chr20,60978532,60978533
652529,chr20,61359972,61359973
652784,chr21,11114777,11114778
653242,chr21,45790495,45790496
653395,chr21,46977687,46977688
653556,chr22,19751776,19751777
653575,chr22,19969043,19969044
653609,chr22,20264085,20264086
653773,chr22,26356451,26356452
654086,chr22,39429788,39429789
654545,chr22,49447830,49447831
654782,chr3,10345940,10345941
654986,chr3,36874042,36874043
655682,chr3,123046345,123046346
655757,chr3,127245589,127245590
656189,chr3,186101133,186101134
656276,chr3,195349066,195349067
656509,chr4,1399019,1399020
656629,chr4,2757928,2757929
656657,chr4,3363200,3363201
656845,chr4,7969328,7969329
657331,chr4,85420380,85420381
657332,chr4,85420409,85420410
657452,chr4,111542573,111542574
657454,chr4,111542579,111542580
657455,chr4,111542591,111542592
657741,chr4,173942771,173942772
657761,chr4,175135937,175135938
657867,chr4,190611167,190611168
658068,chr5,1239206,1239207
659234,chr5,149933559,149933560
659276,chr5,153530681,153530682
659388,chr5,172271870,172271871
659920,chr6,6318179,6318180
660756,chr6,125667801,125667802
661141,chr6,166955155,166955156
661142,chr6,166955163,166955164
661678,chr7,4519110,4519111
662525,chr7,99124081,99124082
662922,chr7,134962192,134962193
662923,chr7,134962194,134962195
663146,chr7,151392009,151392010
663545,chr8,1896553,1896554
663546,chr8,1896569,1896570
663850,chr8,25901632,25901633
663851,chr8,25901660,25901661
664087,chr8,48091697,48091698
664124,chr8,54111530,54111531
664466,chr8,115908941,115908942
664638,chr8,141068615,141068616
665088,chr8,145989777,145989778
665540,chr9,74579913,74579914
666362,chr9,133394874,133394875
666669,chr9,137990553,137990554
666679,chr9,138059924,138059925
666858,chr9,139279855,139279856
667050,chr9,140782577,140782578
667766,chr1,12920545,12920546
667790,chr1,15279373,15279374
667858,chr1,17198850,17198851
667970,chr1,21930223,21930224
668246,chr1,38341360,38341361
669470,chr10,12633372,12633373
669471,chr10,12633378,12633379
669472,chr10,12633386,12633387
669513,chr10,21434654,21434655
669829,chr10,76433489,76433490
670001,chr10,101375289,101375290
670212,chr10,125436877,125436878
670717,chr11,1474777,1474778
670718,chr11,1474796,1474797
671851,chr11,130039956,130039957
672239,chr12,52934182,52934183
672285,chr12,54614381,54614382
672297,chr12,56345865,56345866
672711,chr12,125227319,125227320
672818,chr12,131495868,131495869
673575,chr14,25195800,25195801
673599,chr14,36528202,36528203
674279,chr14,106659304,106659305
674538,chr15,57605212,57605213
674911,chr15,92829854,92829855
675154,chr16,1061056,1061057
675179,chr16,1128689,1128690
675246,chr16,1690182,1690183
675947,chr16,57806855,57806856
676068,chr16,69531659,69531660
676184,chr16,81509738,81509739
676424,chr16,88175060,88175061
676752,chr17,3417217,3417218
677161,chr17,36371526,36371527
678113,chr17,80333330,80333331
678425,chr18,46190239,46190240
678461,chr18,55847546,55847547
678561,chr18,74291320,74291321
678703,chr18,77451160,77451161
678865,chr19,1336246,1336247
679116,chr19,4099545,4099546
679399,chr19,11090841,11090842
679636,chr19,18875021,18875022
679755,chr19,29802430,29802431
679827,chr19,33773027,33773028
679919,chr19,36908633,36908634
679930,chr19,37548069,37548070
680133,chr19,44172340,44172341
681138,chr2,71301479,71301480
681618,chr2,140184883,140184884
682034,chr2,237535099,237535100
682128,chr2,240233168,240233169
682265,chr2,242791323,242791324
682556,chr20,31053633,31053634
683201,chr20,62317699,62317700
683202,chr20,62317704,62317705
683204,chr20,62317715,62317716
683881,chr22,20760797,20760798
683942,chr22,24621491,24621492
684821,chr3,16888514,16888515
684974,chr3,49200836,49200837
685051,chr3,52251631,52251632
685145,chr3,69713317,69713318
685538,chr3,171519587,171519588
685653,chr3,193844892,193844893
685678,chr3,195372952,195372953
685696,chr3,195515744,195515745
685982,chr4,3366298,3366299
685983,chr4,3366324,3366325
686075,chr4,6273557,6273558
686076,chr4,6273564,6273565
686077,chr4,6273576,6273577
686347,chr4,47776367,47776368
686640,chr4,153641612,153641613
686676,chr4,161318742,161318743
686841,chr5,1130300,1130301
686907,chr5,1911818,1911819
687613,chr5,171960202,171960203
687616,chr5,172095948,172095949
687868,chr6,2891244,2891245
687963,chr6,19465672,19465673
688229,chr6,74063663,74063664
688589,chr6,166747096,166747097
688750,chr6,170501323,170501324
689111,chr7,2643340,2643341
689113,chr7,2643352,2643353
689114,chr7,2643362,2643363
689506,chr7,50538740,50538741
689841,chr7,115586923,115586924
690511,chr8,23416672,23416673
690613,chr8,41554076,41554077
690614,chr8,41554080,41554081
690621,chr8,42135242,42135243
690639,chr8,43131902,43131903
691042,chr8,143051250,143051251
691043,chr8,143051262,143051263
692007,chr9,132514151,132514152
692727,chrX,23761156,23761157
692903,chrX,45875830,45875831
692928,chrX,47342324,47342325
692965,chrX,48535266,48535267
693048,chrX,55187470,55187471
693153,chrX,71034335,71034336
693199,chrX,75393002,75393003
693225,chrX,82654352,82654353
693226,chrX,82654383,82654384
693337,chrX,107976209,107976210
693339,chrX,107976221,107976222
693429,chrX,119149301,119149302
693430,chrX,119149319,119149320
693431,chrX,119149325,119149326
693432,chrX,119149328,119149329
693482,chrX,128911423,128911424
693530,chrX,134477433,134477434
693537,chrX,135067941,135067942
693538,chrX,135067944,135067945
693578,chrX,138284731,138284732
693664,chrX,152661666,152661667
693748,chrX,153247428,153247429
693749,chrX,153247458,153247459
693750,chrX,153247499,153247500
693751,chrX,153247502,153247503
693752,chrX,153247505,153247506
693807,chrY,13461928,13461929
695878,chr1,2372026,2372027
697239,chr1,3473366,3473367
709119,chr1,16946434,16946435
709657,chr1,16973388,16973389
710190,chr1,17024257,17024258
710257,chr1,17026503,17026504
710294,chr1,17027132,17027133
710295,chr1,17027136,17027137
710296,chr1,17027138,17027139
710297,chr1,17027142,17027143
710311,chr1,17027409,17027410
711063,chr1,17087071,17087072
714347,chr1,19377424,19377425
714348,chr1,19377440,19377441
744106,chr1,66582227,66582228
758166,chr1,110706379,110706380
765030,chr1,142794697,142794698
768289,chr1,145279008,145279009
770020,chr1,148903183,148903184
770580,chr1,149224636,149224637
770581,chr1,149224641,149224642
773849,chr1,154769247,154769248
784756,chr1,178289472,178289473
785992,chr1,181130814,181130815
787773,chr1,184511039,184511040
787805,chr1,184595665,184595666
791090,chr1,200226511,200226512
795458,chr1,206973962,206973963
796283,chr1,208619839,208619840
802612,chr1,223519253,223519254
805716,chr1,228756822,228756823
805717,chr1,228756847,228756848
817959,chr1,248685532,248685533
823823,chr10,6174413,6174414
830441,chr10,17506676,17506677
842991,chr10,42377411,42377412
843020,chr10,42379913,42379914
843262,chr10,42387705,42387706
846459,chr10,44912014,44912015
846572,chr10,45176456,45176457
847351,chr10,46968537,46968538
847567,chr10,46993169,46993170
863840,chr10,88730555,88730556
878505,chr10,121356425,121356426
879773,chr10,123732320,123732321
882477,chr10,127584688,127584689
882478,chr10,127584703,127584704
882481,chr10,127584720,127584721
883924,chr10,129249676,129249677
886100,chr10,132042939,132042940
886228,chr10,132200453,132200454
889492,chr10,134794498,134794499
889930,chr10,135123856,135123857
890846,chr11,391623,391624
893552,chr11,2845746,2845747
893555,chr11,2849092,2849093
893557,chr11,2849161,2849162
893594,chr11,2862482,2862483
893733,chr11,3018378,3018379
901866,chr11,17018132,17018133
920706,chr11,64837412,64837413
923110,chr11,67467878,67467879
925099,chr11,69657245,69657246
927212,chr11,71457215,71457216
927307,chr11,71600682,71600683
943591,chr11,114165769,114165770
947055,chr11,118986849,118986850
947056,chr11,118986854,118986855
947057,chr11,118986860,118986861
947058,chr11,118986871,118986872
952280,chr11,126093121,126093122
958302,chr11,133835251,133835252
964495,chr12,5383666,5383667
965971,chr12,6882538,6882539
974317,chr12,28011942,28011943
976372,chr12,34372251,34372252
980208,chr12,47529273,47529274
980270,chr12,47629840,47629841
984287,chr12,54332153,54332154
990846,chr12,71890987,71890988
996021,chr12,93100897,93100898
997594,chr12,96524828,96524829
1004580,chr12,111582183,111582184
1006547,chr12,114739135,114739136
1007387,chr12,116138443,116138444
1019199,chr12,132061404,132061405
1019565,chr12,132409693,132409694
1019566,chr12,132409708,132409709
1019567,chr12,132409735,132409736
1020365,chr12,133060217,133060218
1023583,chr13,24134622,24134623
1027879,chr13,31404115,31404116
1046621,chr13,94759366,94759367
1057597,chr13,113654384,113654385
1060208,chr14,19888773,19888774
1060209,chr14,19888778,19888779
1062710,chr14,24583439,24583440
1077632,chr14,69821243,69821244
1090837,chr14,96055060,96055061
1095298,chr14,101578338,101578339
1095877,chr14,102050818,102050819
1103492,chr15,21997362,21997363
1103493,chr15,21997365,21997366
1106956,chr15,27832984,27832985
1112051,chr15,39936484,39936485
1117198,chr15,52811531,52811532
1128943,chr15,75989548,75989549
1130764,chr15,79073064,79073065
1130952,chr15,79295616,79295617
1144559,chr16,544794,544795
1144560,chr16,544835,544836
1151003,chr16,8606236,8606237
1152645,chr16,11040397,11040398
1153787,chr16,12352124,12352125
1159184,chr16,21551559,21551560
1165758,chr16,30379029,30379030
1167233,chr16,32290371,32290372
1167282,chr16,32300792,32300793
1168542,chr16,33239140,33239141
1170657,chr16,33943210,33943211
1170963,chr16,33966263,33966264
1170971,chr16,33966329,33966330
1173218,chr16,46417066,46417067
1178334,chr16,53738201,53738202
1178335,chr16,53738222,53738223
1179234,chr16,55290915,55290916
1185926,chr16,69985435,69985436
1186854,chr16,70772374,70772375
1189475,chr16,74991274,74991275
1197532,chr16,86348385,86348386
1197933,chr16,86704532,86704533
1198649,chr16,87274734,87274735
1201347,chr16,89350068,89350069
1201958,chr16,89894001,89894002
1202800,chr17,170988,170989
1209160,chr17,7011537,7011538
1216691,chr17,17474143,17474144
1217611,chr17,18519351,18519352
1220728,chr17,21514118,21514119
1220809,chr17,21530239,21530240
1231036,chr17,40221674,40221675
1231841,chr17,41401052,41401053
1238213,chr17,54990015,54990016
1238575,chr17,55581913,55581914
1242517,chr17,64436733,64436734
1245997,chr17,71545836,71545837
1246066,chr17,71601505,71601506
1248913,chr17,75143165,75143166
1248914,chr17,75143219,75143220
1249875,chr17,76139843,76139844
1253056,chr17,78819911,78819912
1253698,chr17,79430451,79430452
1253804,chr17,79547445,79547446
1262727,chr18,13447988,13447989
1262728,chr18,13448028,13448029
1269462,chr18,33766314,33766315
1286049,chr18,73717636,73717637
1286050,chr18,73717639,73717640
1288255,chr18,76169315,76169316
1289121,chr18,76776461,76776462
1295473,chr19,4748152,4748153
1301563,chr19,12074518,12074519
1306314,chr19,18280366,18280367
1309877,chr19,27738487,27738488
1314450,chr19,34742770,34742771
1317045,chr19,37784408,37784409
1318051,chr19,38917443,38917444
1319850,chr19,40888386,40888387
1323924,chr19,45003541,45003542
1327081,chr19,47988444,47988445
1329460,chr19,50058275,50058276
1330834,chr19,50992953,50992954
1331176,chr19,51176539,51176540
1331443,chr19,51360829,51360830
1332974,chr19,53039444,53039445
1333135,chr19,53228615,53228616
1335895,chr19,55881518,55881519
1339281,chr2,364394,364395
1339762,chr2,731489,731490
1339764,chr2,731529,731530
1339765,chr2,731540,731541
1341458,chr2,2157512,2157513
1345091,chr2,7100701,7100702
1347272,chr2,9934641,9934642
1385157,chr2,90481967,90481968
1385473,chr2,91689786,91689787
1385865,chr2,91777710,91777711
1386489,chr2,91846653,91846654
1386490,chr2,91846697,91846698
1395507,chr2,110090590,110090591
1401178,chr2,121735820,121735821
1406870,chr2,133014533,133014534
1406907,chr2,133015820,133015821
1407005,chr2,133025652,133025653
1407008,chr2,133025694,133025695
1407009,chr2,133025696,133025697
1407010,chr2,133025716,133025717
1407063,chr2,133031267,133031268
1407211,chr2,133047049,133047050
1432866,chr2,214358699,214358700
1435183,chr2,219288899,219288900
1446849,chr2,239162262,239162263
1447903,chr2,240145964,240145965
1448263,chr2,240420591,240420592
1451093,chr2,243153544,243153545
1460882,chr20,20479193,20479194
1464206,chr20,25755508,25755509
1464486,chr20,26062683,26062684
1477164,chr20,46523798,46523799
1477170,chr20,46524005,46524006
1478005,chr20,47214648,47214649
1480521,chr20,50046108,50046109
1480574,chr20,50080644,50080645
1480796,chr20,50374030,50374031
1483228,chr20,55533289,55533290
1485487,chr20,57702360,57702361
1485877,chr20,58190412,58190413
1491168,chr21,9647867,9647868
1491403,chr21,9825964,9825965
1491406,chr21,9825992,9825993
1491492,chr21,9826881,9826882
1491493,chr21,9826885,9826886
1491566,chr21,9830820,9830821
1491983,chr21,10421960,10421961
1492003,chr21,10428352,10428353
1492512,chr21,10599667,10599668
1495097,chr21,10990230,10990231
1495709,chr21,11106968,11106969
1495721,chr21,11107119,11107120
1495922,chr21,11129978,11129979
1495926,chr21,11130178,11130179
1503215,chr21,35204592,35204593
1504777,chr21,37756934,37756935
1508560,chr21,43146990,43146991
1508994,chr21,43512313,43512314
1514561,chr22,16228747,16228748
1518948,chr22,21636110,21636111
1518949,chr22,21636115,21636116
1519885,chr22,22931387,22931388
1528809,chr22,36683227,36683228
1531545,chr22,39462190,39462191
1537609,chr22,46473074,46473075
1537610,chr22,46473081,46473082
1550105,chr3,13590071,13590072
1563230,chr3,46042243,46042244
1564690,chr3,48609693,48609694
1567942,chr3,54373071,54373072
1589444,chr3,124759124,124759125
1591371,chr3,127143518,127143519
1593180,chr3,129277407,129277408
1610278,chr3,179408645,179408646
1612550,chr3,184408373,184408374
1612810,chr3,184792539,184792540
1618421,chr3,195344776,195344777
1619259,chr3,195667337,195667338
1619280,chr3,195668403,195668404
1619339,chr3,195672197,195672198
1620884,chr3,197393379,197393380
1621582,chr4,53172,53173
1621584,chr4,53314,53315
1621635,chr4,54573,54574
1623516,chr4,1649407,1649408
1623799,chr4,1972506,1972507
1625590,chr4,3591972,3591973
1629730,chr4,7158461,7158462
1629949,chr4,7329429,7329430
1635494,chr4,16085716,16085717
1646228,chr4,49106407,49106408
1646764,chr4,49151812,49151813
1646765,chr4,49151817,49151818
1646823,chr4,49155915,49155916
1648026,chr4,49634140,49634141
1648420,chr4,49657907,49657908
1648898,chr4,54043730,54043731
1649278,chr4,54960188,54960189
1657004,chr4,85420369,85420370
1657005,chr4,85420371,85420372
1664271,chr4,111552249,111552250
1669035,chr4,129563972,129563973
1670530,chr4,134934068,134934069
1674518,chr4,148463811,148463812
1675885,chr4,152809578,152809579
1677868,chr4,157468425,157468426
1692322,chr4,190941774,190941775
1692323,chr4,190941812,190941813
1694778,chr5,1464321,1464322
1696815,chr5,3383155,3383156
1700229,chr5,8839750,8839751
1720077,chr5,71507949,71507950
1721896,chr5,76097412,76097413
1730996,chr5,110074609,110074610
1739584,chr5,134393794,134393795
1739702,chr5,134582868,134582869
1743146,chr5,140801040,140801041
1743147,chr5,140801054,140801055
1747429,chr5,150326193,150326194
1749069,chr5,154050989,154050990
1749256,chr5,154448660,154448661
1759945,chr5,176025721,176025722
1761963,chr5,178446194,178446195
1762337,chr5,178734642,178734643
1765009,chr6,341777,341778
1765026,chr6,342875,342876
1765125,chr6,349204,349205
1765546,chr6,379473,379474
1765549,chr6,379535,379536
1771963,chr6,8337363,8337364
1773097,chr6,11198313,11198314
1820946,chr6,150285788,150285789
1821647,chr6,151134742,151134743
1824917,chr6,157731619,157731620
1831775,chr6,166955043,166955044
1835420,chr6,170211243,170211244
1835455,chr6,170239089,170239090
1839448,chr7,2513513,2513514
1842355,chr7,6179456,6179457
1842932,chr7,6998341,6998342
1849455,chr7,26654391,26654392
1853922,chr7,36018065,36018066
1858216,chr7,45118091,45118092
1863583,chr7,56439678,56439679
1864190,chr7,57284712,57284713
1867035,chr7,61969520,61969521
1870781,chr7,69936800,69936801
1881588,chr7,100420297,100420298
1881826,chr7,100609590,100609591
1883915,chr7,103086178,103086179
1885751,chr7,107505166,107505167
1899264,chr7,142237853,142237854
1904056,chr7,150937592,150937593
1904148,chr7,150999671,150999672
1910844,chr7,157959210,157959211
1914428,chr8,1449173,1449174
1923742,chr8,12417082,12417083
1928155,chr8,21503978,21503979
1939754,chr8,48091993,48091994
1940259,chr8,49110500,49110501
1945716,chr8,62125333,62125334
1953715,chr8,86565929,86565930
1953717,chr8,86565948,86565949
1968150,chr8,128025442,128025443
1969489,chr8,130848777,130848778
1975100,chr8,140771788,140771789
1976636,chr8,142169506,142169507
1977428,chr8,142834094,142834095
1980115,chr8,144941585,144941586
1991730,chr9,32817792,32817793
1991975,chr9,33264320,33264321
1992559,chr9,34401370,34401371
1996404,chr9,45357107,45357108
1996992,chr9,66456005,66456006
1996993,chr9,66456012,66456013
1996995,chr9,66456028,66456029
1996996,chr9,66456033,66456034
1996997,chr9,66456039,66456040
1997045,chr9,66457407,66457408
1997063,chr9,66457801,66457802
1997065,chr9,66457826,66457827
1997104,chr9,66458486,66458487
1997302,chr9,66493351,66493352
1997334,chr9,66493963,66493964
1997335,chr9,66493985,66493986
1998672,chr9,68412619,68412620
1999381,chr9,69512190,69512191
2001393,chr9,74579951,74579952
2011796,chr9,98209235,98209236
2023949,chr9,124579495,124579496
2025662,chr9,126859709,126859710
2028591,chr9,130865693,130865694
2033091,chr9,136301722,136301723
2038645,chrM,3080,3081
2038646,chrM,3095,3096
2038714,chrM,5821,5822
2061460,chrX,58011582,58011583
2065770,chrX,70711986,70711987
2065771,chrX,70711997,70711998
2065977,chrX,71044028,71044029
2076496,chrX,109246492,109246493
2078478,chrX,115004730,115004731
2084185,chrX,132091163,132091164
2094415,chrY,10013211,10013212
2094599,chrY,13464429,13464430
2094601,chrY,13464458,13464459
2094630,chrY,13470506,13470507
2094631,chrY,13470533,13470534
2094661,chrY,13476699,13476700
2094663,chrY,13476735,13476736
2094668,chrY,13478300,13478301
2094670,chrY,13478317,13478318
2094723,chrY,13489110,13489111
2094996,chrY,58990057,58990058
2095298,chr1,1220114,1220115
2095421,chr1,2791914,2791915
2095423,chr1,2791934,2791935
2095459,chr1,3189189,3189190
2095509,chr1,3722490,3722491
2095571,chr1,7529181,7529182
2096138,chr1,39282068,39282069
2096177,chr1,41847254,41847255
2096733,chr1,144979159,144979160
2096805,chr1,149326531,149326532
2096967,chr1,160056018,160056019
2097336,chr1,212416117,212416118
2097464,chr1,227015916,227015917
2097879,chr10,21682982,21682983
2097913,chr10,24497885,24497886
2098057,chr10,46993072,46993073
2098485,chr10,100494985,100494986
2098634,chr10,112257195,112257196
2098639,chr10,112696786,112696787
2098640,chr10,112696789,112696790
2098662,chr10,115862764,115862765
2098789,chr10,126715017,126715018
2098954,chr10,134499311,134499312
2099106,chr11,1591517,1591518
2099492,chr11,47187198,47187199
2099514,chr11,57117277,57117278
2099547,chr11,60389742,60389743
2099815,chr11,66468034,66468035
2099887,chr11,68075849,68075850
2099891,chr11,68125309,68125310
2100082,chr11,91958317,91958318
2100243,chr11,119497241,119497242
2100405,chr12,650249,650250
2100593,chr12,27717769,27717770
2101264,chr12,123485287,123485288
2101379,chr12,131171371,131171372
2101380,chr12,131171376,131171377
2101653,chr13,37427615,37427616
2102471,chr14,70234897,70234898
2102528,chr14,77263917,77263918
2102775,chr14,102310738,102310739
2102999,chr15,21997337,21997338
2103083,chr15,30655185,30655186
2103394,chr15,68556799,68556800
2103544,chr15,79714225,79714226
2104179,chr16,10276293,10276294
2104519,chr16,33936362,33936363
2104616,chr16,55358421,55358422
2104617,chr16,55358423,55358424
2104618,chr16,55358425,55358426
2105112,chr16,88844377,88844378
2105544,chr17,17529957,17529958
2105654,chr17,26604230,26604231
2105682,chr17,27939613,27939614
2106144,chr17,55037400,55037401
2106145,chr17,55037441,55037442
2106154,chr17,55395921,55395922
2106178,chr17,58506706,58506707
2106561,chr17,79006800,79006801
2106593,chr17,79531918,79531919
2106639,chr17,80044213,80044214
2106643,chr17,80154310,80154311
2106886,chr18,19659569,19659570
2107006,chr18,46378090,46378091
2107185,chr18,77193732,77193733
2107193,chr18,77331185,77331186
2107388,chr19,1537480,1537481
2107401,chr19,1606546,1606547
2108216,chr19,33908198,33908199
2108217,chr19,33908226,33908227
2108218,chr19,34122163,34122164
2108490,chr19,42441824,42441825
2108632,chr19,48018038,48018039
2108682,chr19,49222298,49222299
2108863,chr19,53977731,53977732
2109095,chr2,1825435,1825436
2109616,chr2,66653208,66653209
2109617,chr2,66666648,66666649
2109697,chr2,73430084,73430085
2109760,chr2,79812954,79812955
2110242,chr2,128342530,128342531
2110428,chr2,170572499,170572500
2110454,chr2,174289247,174289248
2110646,chr2,218156901,218156902
2110647,chr2,218794070,218794071
2110667,chr2,219888838,219888839
2110893,chr2,237712463,237712464
2110939,chr2,239850955,239850956
2111075,chr20,983218,983219
2111537,chr20,44451904,44451905
2112013,chr21,33371062,33371063
2112208,chr21,44590682,44590683
2112542,chr22,29661452,29661453
2112701,chr22,39780283,39780284
2112725,chr22,40058067,40058068
2112730,chr22,40060173,40060174
2112903,chr22,46474736,46474737
2112904,chr22,46474742,46474743
2112905,chr22,46474776,46474777
2112958,chr22,48825524,48825525
2113180,chr3,13319552,13319553
2114188,chr3,171177933,171177934
2114189,chr3,171177935,171177936
2114264,chr3,184122477,184122478
2114477,chr4,2757902,2757903
2114499,chr4,3366327,3366328
2114920,chr4,73434913,73434914
2115420,chr5,459815,459816
2115446,chr5,558270,558271
2115732,chr5,44483711,44483712
2116068,chr5,127874096,127874097
2116147,chr5,133831536,133831537
2116149,chr5,133831566,133831567
2116150,chr5,133831573,133831574
2116388,chr5,149510001,149510002
2116494,chr5,171766391,171766392
2116501,chr5,172717583,172717584
2116533,chr5,176212655,176212656
2116546,chr5,176789473,176789474
2116752,chr6,1394486,1394487
2117063,chr6,36477259,36477260
2117087,chr6,39158260,39158261
2117108,chr6,41877252,41877253
2117895,chr7,623667,623668
2117897,chr7,623691,623692
2117961,chr7,1533963,1533964
2118142,chr7,8482257,8482258
2118669,chr7,99516633,99516634
2118674,chr7,99516730,99516731
2119168,chr7,153995407,153995408
2119367,chr8,1731966,1731967
2119391,chr8,7403912,7403913
2119671,chr8,38287380,38287381
2119672,chr8,38287385,38287386
2119673,chr8,38287391,38287392
2119674,chr8,38287397,38287398
2119675,chr8,38287416,38287417
2120500,chr9,3424602,3424603
2120710,chr9,37726860,37726861
2120743,chr9,67900246,67900247
2121151,chr9,127085650,127085651
2121530,chr9,138656010,138656011
2121792,chrY,13470215,13470216
2121800,chrY,13470896,13470897
2121806,chrY,13471732,13471733
2121812,chrY,13477085,13477086
2121820,chrY,13488003,13488004
2121826,chrY,13488540,13488541
2121827,chrY,13488546,13488547
2121828,chrY,13488555,13488556
2121831,chrY,13488654,13488655
2121836,chrY,13488870,13488871
2121908,chr1,38511756,38511757
2121909,chr1,38511758,38511759
2122190,chr15,30396032,30396033
2122191,chr15,30396043,30396044
2122193,chr15,30396057,30396058
2122806,chr6,73332695,73332696
2122921,chr9,66494330,66494331
2123257,chr10,35929284,35929285
2124954,chr3,160168149,160168150
2124957,chr3,179754599,179754600
2125420,chr7,32338240,32338241
2125954,chr11,134276922,134276923
2125955,chr11,134276930,134276931
2126002,chr12,132812703,132812704
2126212,chr17,75807901,75807902
2126245,chr19,629970,629971
2126985,chr1,48177298,48177299
2127014,chr1,234667310,234667311
2127173,chr14,35034867,35034868
2127183,chr14,95675859,95675860
2127220,chr16,460322,460323
2127351,chr18,21284046,21284047
2127369,chr19,2495085,2495086
2127532,chr21,45923889,45923890
2127533,chr21,45923895,45923896
2127610,chr3,127763959,127763960
2127820,chr9,101666352,101666353
2127988,chr11,352504,352505
2128175,chr16,15059421,15059422
2128317,chr17,78860036,78860037
2128318,chr17,78860059,78860060
2128319,chr17,78860076,78860077
2128425,chr19,45121516,45121517
2128573,chr3,11583883,11583884
2128632,chr4,187627011,187627012
2128794,chr8,9791607,9791608
2128856,chr8,21029408,21029409
2128893,chr8,22993352,22993353
2128983,chr8,41173348,41173349
2129433,chr9,133807798,133807799
2129434,chr9,137000123,137000124
2129470,chrY,13470256,13470257
2129477,chrY,13489901,13489902
2129478,chrY,13489908,13489909
2129494,chr8,27281266,27281267
2129708,chr1,6188162,6188163
2130016,chr1,76712921,76712922
2130528,chr1,201868879,201868880
2130585,chr1,203570365,203570366
2130734,chr1,220915705,220915706
2130858,chr1,228673934,228673935
2131936,chr10,102572458,102572459
2132453,chr10,133799532,133799533
2132651,chr10,135164067,135164068
2133010,chr11,3071194,3071195
2133011,chr11,3071199,3071200
2133069,chr11,8378796,8378797
2133366,chr11,57193033,57193034
2133440,chr11,61520573,61520574
2133533,chr11,63926324,63926325
2133545,chr11,64003433,64003434
2133714,chr11,66511627,66511628
2133919,chr11,69818416,69818417
2134812,chr12,68025910,68025911
2134988,chr12,106802404,106802405
2135222,chr12,117489399,117489400
2135273,chr12,121456139,121456140
2135275,chr12,121456155,121456156
2135363,chr12,123915957,123915958
2135393,chr12,124514988,124514989
2135439,chr12,125243087,125243088
2135440,chr12,125243098,125243099
2136049,chr14,34429879,34429880
2136239,chr14,65839593,65839594
2136520,chr14,95331232,95331233
2136646,chr14,101035785,101035786
2136690,chr14,102518454,102518455
2136758,chr14,104060054,104060055
2137424,chr15,60243978,60243979
2137840,chr15,77308484,77308485
2137841,chr15,77308508,77308509
2137892,chr15,78390909,78390910
2137934,chr15,79306797,79306798
2138047,chr15,86328514,86328515
2138375,chr15,101690735,101690736
2138393,chr15,101975267,101975268
2138531,chr16,875845,875846
2139433,chr16,32338230,32338231
2139635,chr16,57831745,57831746
2140705,chr17,1633180,1633181
2140794,chr17,3527317,3527318
2141196,chr17,18021958,18021959
2141289,chr17,25666124,25666125
2141290,chr17,25666159,25666160
2142005,chr17,62119145,62119146
2142083,chr17,65487462,65487463
2142299,chr17,74128911,74128912
2142300,chr17,74128916,74128917
2142301,chr17,74128950,74128951
2142501,chr17,77315197,77315198
2142606,chr17,78860137,78860138
2142609,chr17,78898046,78898047
2142610,chr17,78898055,78898056
2142611,chr17,78898064,78898065
2142839,chr17,79924068,79924069
2143783,chr19,30150301,30150302
2143971,chr19,31822689,31822690
2144595,chr19,36034584,36034585
2144789,chr19,36618396,36618397
2144987,chr19,38497607,38497608
2145139,chr19,39003153,39003154
2145519,chr19,40904731,40904732
2145561,chr19,41086247,41086248
2146273,chr19,49001749,49001750
2147529,chr2,25425396,25425397
2147664,chr2,34118046,34118047
2147797,chr2,61320112,61320113
2148293,chr2,202771784,202771785
2148735,chr20,5213452,5213453
2148750,chr20,6023382,6023383
2148978,chr20,22699929,22699930
2149136,chr20,29515852,29515853
2149677,chr20,60273466,60273467
2149970,chr20,62272766,62272767
2150310,chr22,25322425,25322426
2150364,chr22,32267148,32267149
2150476,chr22,44472783,44472784
2150862,chr3,31936556,31936557
2151039,chr3,75826947,75826948
2151069,chr3,88356982,88356983
2151551,chr4,3526985,3526986
2151949,chr5,506292,506293
2151988,chr5,785130,785131
2151990,chr5,785146,785147
2151991,chr5,785151,785152
2151994,chr5,785162,785163
2151995,chr5,785168,785169
2151996,chr5,785173,785174
2151997,chr5,785176,785177
2152137,chr5,2387807,2387808
2152187,chr5,6604731,6604732
2152472,chr5,80690225,80690226
2152473,chr5,80690227,80690228
2152488,chr5,89704399,89704400
2152760,chr5,140865448,140865449
2153041,chr5,176693364,176693365
2153735,chr7,813649,813650
2154084,chr7,4301246,4301247
2154129,chr7,5427548,5427549
2154130,chr7,5427560,5427561
2154131,chr7,5427571,5427572
2154559,chr7,64035524,64035525
2154560,chr7,64035529,64035530
2154715,chr7,75617418,75617419
2154982,chr7,102083251,102083252
2155127,chr7,129424529,129424530
2155128,chr7,129424533,129424534
2155129,chr7,129424539,129424540
2155521,chr7,158113782,158113783
2155621,chr8,709489,709490
2156505,chr8,20066981,20066982
2156550,chr8,21488516,21488517
2156551,chr8,21488522,21488523
2157229,chr8,40540897,40540898
2157238,chr8,41121140,41121141
2157381,chr8,46941288,46941289
2158011,chr8,85819151,85819152
2158931,chr8,140614361,140614362
2159022,chr8,141057415,141057416
2159023,chr8,141057427,141057428
2159024,chr8,141057434,141057435
2159034,chr8,141242675,141242676
2159059,chr8,141473653,141473654
2159196,chr8,142189600,142189601
2159374,chr8,142651296,142651297
2159435,chr8,142895609,142895610
2159531,chr8,143252369,143252370
2159764,chr8,143703475,143703476
2159766,chr8,143703507,143703508
2159846,chr8,143855804,143855805
2160134,chr8,144567309,144567310
2160532,chr8,145031086,145031087
2160533,chr8,145031126,145031127
2160534,chr8,145031131,145031132
2161111,chr9,5111816,5111817
2161282,chr9,36819788,36819789
2161283,chr9,36819790,36819791
2162218,chr9,136696793,136696794
2162526,chr9,139279759,139279760
2162527,chr9,139279789,139279790
2162814,chrX,114959540,114959541
2163063,chr1,3308274,3308275
2163151,chr1,6188111,6188112
2163943,chr1,33344145,33344146
2164113,chr1,42105342,42105343
2164537,chr1,87760190,87760191
2164656,chr1,105560253,105560254
2165130,chr1,157165696,157165697
2165391,chr1,201500595,201500596
2165753,chr1,229541873,229541874
2165909,chr10,326378,326379
2165986,chr10,5152424,5152425
2166077,chr10,13911017,13911018
2166078,chr10,13911028,13911029
2166584,chr10,73791703,73791704
2166747,chr10,94819989,94819990
2166817,chr10,101639671,101639672
2167014,chr10,115821256,115821257
2167181,chr10,125991820,125991821
2167622,chr11,11989582,11989583
2167785,chr11,33910184,33910185
2167982,chr11,59184687,59184688
2168022,chr11,61547229,61547230
2168141,chr11,64642076,64642077
2168326,chr11,68076024,68076025
2168346,chr11,69403016,69403017
2168521,chr11,78614586,78614587
2168522,chr11,78614593,78614594
2168523,chr11,78614596,78614597
2168728,chr11,118074145,118074146
2169067,chr12,3332539,3332540
2170510,chr12,133449282,133449283
2170598,chr13,25598112,25598113
2171220,chr14,19533084,19533085
2171356,chr14,29060079,29060080
2172158,chr14,105667311,105667312
2172747,chr15,69126503,69126504
2173290,chr16,877559,877560
2173378,chr16,1690723,1690724
2173417,chr16,2234904,2234905
2174227,chr16,57782588,57782589
2174452,chr16,74993426,74993427
2174508,chr16,81509781,81509782
2174710,chr16,88122778,88122779
2174711,chr16,88122780,88122781
2174728,chr16,88303305,88303306
2175024,chr17,6325494,6325495
2175538,chr17,34257166,34257167
2175736,chr17,40843294,40843295
2176181,chr17,63221213,63221214
2176399,chr17,74534700,74534701
2176455,chr17,76110238,76110239
2176489,chr17,76862757,76862758
2176490,chr17,76862844,76862845
2176570,chr17,78819993,78819994
2176571,chr17,78820004,78820005
2176572,chr17,78820015,78820016
2176578,chr17,78893702,78893703
2176675,chr17,79887703,79887704
2177000,chr18,20609891,20609892
2177027,chr18,25185558,25185559
2177406,chr18,74102642,74102643
2177740,chr19,2285676,2285677
2177864,chr19,3925413,3925414
2178391,chr19,15543952,15543953
2178839,chr19,38573101,38573102
2179388,chr19,50058440,50058441
2179787,chr2,1652038,1652039
2179788,chr2,1652056,1652057
2180504,chr2,76000337,76000338
2181655,chr2,218860376,218860377
2182565,chr20,43423188,43423189
2182703,chr20,48995623,48995624
2182705,chr20,48995653,48995654
2182706,chr20,48995662,48995663
2182991,chr21,10991012,10991013
2182993,chr21,10991020,10991021
2182996,chr21,10991029,10991030
2183081,chr21,32839569,32839570
2183312,chr21,44768606,44768607
2183313,chr21,44768609,44768610
2183664,chr22,22931380,22931381
2183693,chr22,24129205,24129206
2184046,chr22,39635645,39635646
2184292,chr22,46610304,46610305
2184346,chr22,48949495,48949496
2184380,chr22,50167955,50167956
2184989,chr3,50203617,50203618
2184990,chr3,50203621,50203622
2185050,chr3,52322679,52322680
2185436,chr3,125829231,125829232
2185922,chr3,194631070,194631071
2186160,chr4,3591925,3591926
2186162,chr4,3591951,3591952
2186163,chr4,3591958,3591959
2186170,chr4,3801351,3801352
2186889,chr4,117280050,117280051
2187471,chr5,1764451,1764452
2187472,chr5,1764485,1764486
2187636,chr5,30346673,30346674
2187685,chr5,37834289,37834290
2188335,chr5,140801071,140801072
2188336,chr5,140807137,140807138
2189304,chr6,36807103,36807104
2189345,chr6,39196271,39196272
2189692,chr6,100042195,100042196
2189734,chr6,108196757,108196758
2190333,chr7,596304,596305
2190368,chr7,949116,949117
2190437,chr7,2143681,2143682
2191214,chr7,75866267,75866268
2191510,chr7,113725269,113725270
2191511,chr7,113725271,113725272
2191561,chr7,127069206,127069207
2192437,chr8,38761678,38761679
2193393,chr9,44118432,44118433
2194079,chr9,131155233,131155234
2194381,chr9,139471017,139471018
2194413,chr9,139872208,139872209
2194507,chrX,16737819,16737820
2195296,chr1,167088576,167088577
2195382,chr1,205769550,205769551
2195955,chr10,134176350,134176351
2196349,chr11,100940985,100940986
2196568,chr12,13426974,13426975
2196569,chr12,13426999,13427000
2196722,chr12,57493091,57493092
2196914,chr12,124267841,124267842
2196916,chr12,124458303,124458304
2196934,chr12,129277299,129277300
2197475,chr15,23114352,23114353
2197591,chr15,52581908,52581909
2197614,chr15,62683867,62683868
2197615,chr15,62683876,62683877
2198009,chr16,30581632,30581633
2198287,chr17,230422,230423
2198729,chr17,54990005,54990006
2198837,chr17,76462769,76462770
2199186,chr19,310780,310781
2199339,chr19,6273133,6273134
2200274,chr2,127819304,127819305
2200315,chr2,145835757,145835758
2200791,chr20,61402335,61402336
2201313,chr3,13205695,13205696
2201523,chr3,126914136,126914137
2201971,chr4,100280799,100280800
2202175,chr5,6846634,6846635
2202486,chr5,171960239,171960240
2202496,chr5,175044744,175044745
2203082,chr7,4141768,4141769
2204103,chr9,130865575,130865576
2204476,chr1,6005653,6005654
2204560,chr1,12630292,12630293
2206494,chr10,135040988,135040989
2207388,chr12,38553640,38553641
2207805,chr12,121175956,121175957
2207861,chr12,128613845,128613846
2208577,chr14,100597284,100597285
2210687,chr17,63180156,63180157
2211692,chr19,12670423,12670424
2212444,chr2,9245458,9245459
2212618,chr2,45171642,45171643
2212719,chr2,68386742,68386743
2213851,chr20,49174417,49174418
2214373,chr22,27831893,27831894
2214374,chr22,27831921,27831922
2214559,chr22,44759514,44759515
2215917,chr4,67578499,67578500
2216918,chr6,5782370,5782371
2217384,chr6,147728199,147728200
2218078,chr7,101504300,101504301
2218208,chr7,141383267,141383268
2219333,chr9,133257693,133257694
2219617,chr1,793769,793770
2220142,chr1,26345353,26345354
2220547,chr1,48708262,48708263
2220773,chr1,105398854,105398855
2221457,chr1,240895756,240895757
2221868,chr10,64903678,64903679
2222205,chr10,118392544,118392545
2222240,chr10,122739175,122739176
2222817,chr11,61508397,61508398
2223474,chr12,9479582,9479583
2224297,chr12,130589115,130589116
2225175,chr14,65204915,65204916
2225194,chr14,70317075,70317076
2225394,chr14,94183983,94183984
2226104,chr15,93785069,93785070
2226242,chr16,1518592,1518593
2226290,chr16,1838655,1838656
2226639,chr16,29167915,29167916
2226846,chr16,56887522,56887523
2226969,chr16,71523446,71523447
2226994,chr16,73591087,73591088
2228107,chr17,62385902,62385903
2228321,chr17,76962093,76962094
2228330,chr17,77176178,77176179
2228580,chr18,20663445,20663446
2228948,chr18,77713338,77713339
2229104,chr19,1530577,1530578
2229903,chr19,35822249,35822250
2230022,chr19,43690197,43690198
2230814,chr2,45164641,45164642
2230864,chr2,61932885,61932886
2230897,chr2,66673029,66673030
2230898,chr2,66673055,66673056
2231075,chr2,99553406,99553407
2231077,chr2,99553412,99553413
2231270,chr2,127800459,127800460
2231445,chr2,174173848,174173849
2232028,chr20,18109752,18109753
2232610,chr21,42060135,42060136
2232687,chr21,45340509,45340510
2232723,chr21,46677554,46677555
2233281,chr22,46477527,46477528
2234117,chr3,151523907,151523908
2234205,chr3,181427703,181427704
2234442,chr4,2756613,2756614
2234875,chr4,57693413,57693414
2236337,chr6,391045,391046
2236851,chr6,109558643,109558644
2236945,chr6,135946934,135946935
2237123,chr6,160554791,160554792
2237160,chr6,166984607,166984608
2237576,chr7,27292614,27292615
2239662,chr9,134212146,134212147
2239877,chrX,11947764,11947765
2240310,chr1,71520405,71520406
2242517,chr16,23197589,23197590
2242874,chr17,7640651,7640652
2242978,chr17,43073260,43073261
2243148,chr17,79114379,79114380
2243976,chr2,7023597,7023598
2244773,chr21,37794387,37794388
2245496,chr4,2746501,2746502
2247475,chr9,139410807,139410808
2247611,chrX,20385340,20385341
2247778,chrX,45875864,45875865
2247823,chrX,48754635,48754636
2247831,chrX,48931449,48931450
2247881,chrX,53710863,53710864
2248071,chrX,103173608,103173609
2248172,chrX,128768810,128768811
2248229,chrX,136018282,136018283
2248305,chrX,152787986,152787987
2249231,chr2,236514555,236514556
2249404,chr3,69189581,69189582
2249424,chr3,177527079,177527080
2249554,chr5,179401761,179401762
2250224,chr12,113683991,113683992
2251615,chr1,50882434,50882435
2251616,chr1,50882441,50882442
2251617,chr1,50882446,50882447
2251839,chr1,222511602,222511603
2251901,chr10,12633341,12633342
2252331,chr11,45247912,45247913
2252539,chr11,118505946,118505947
2252644,chr12,4532739,4532740
2252659,chr12,8374811,8374812
2253064,chr14,65577836,65577837
2253089,chr14,78560056,78560057
2253422,chr15,102520733,102520734
2253525,chr16,11011727,11011728
2253542,chr16,15240496,15240497
2254107,chr18,8478169,8478170
2254243,chr19,2117415,2117416
2254427,chr19,17918846,17918847
2254441,chr19,18887542,18887543
2254870,chr2,113992990,113992991
2254872,chr2,113993007,113993008
2255183,chr20,33696469,33696470
2255228,chr20,55201910,55201911
2255441,chr22,32266991,32266992
2255581,chr3,47891240,47891241
2255597,chr3,48845641,48845642
2255665,chr3,128199973,128199974
2255802,chr4,2286343,2286344
2257303,chr9,136826871,136826872
2257426,chr1,839592,839593
2258702,chr1,1248179,1248180
2259291,chr1,1522013,1522014
2260264,chr1,2242917,2242918
2260466,chr1,2340504,2340505
2260607,chr1,2389835,2389836
2261917,chr1,3326933,3326934
2261968,chr1,3342482,3342483
2266530,chr1,16508512,16508513
2266958,chr1,18090668,18090669
2268274,chr1,22470343,22470344
2274258,chr1,46640324,46640325
2274677,chr1,48906908,48906909
2277398,chr1,92917874,92917875
2278496,chr1,111582829,111582830
2279206,chr1,119527463,119527464
2280003,chr1,151137645,151137646
2280004,chr1,151137670,151137671
2280005,chr1,151137676,151137677
2284240,chr1,200843347,200843348
2285580,chr1,208391279,208391280
2285581,chr1,208391282,208391283
2285582,chr1,208391293,208391294
2285583,chr1,208391390,208391391
2287295,chr1,228079204,228079205
2287297,chr1,228079224,228079225
2287395,chr1,228254934,228254935
2287647,chr1,228554199,228554200
2287890,chr1,229283128,229283129
2291248,chr10,5948174,5948175
2293764,chr10,31190300,31190301
2296827,chr10,73468898,73468899
2297667,chr10,79470697,79470698
2297819,chr10,80873883,80873884
2298071,chr10,82269562,82269563
2298072,chr10,82269572,82269573
2298073,chr10,82269595,82269596
2301881,chr10,115004024,115004025
2301882,chr10,115004030,115004031
2302971,chr10,123909299,123909300
2304094,chr10,130104451,130104452
2304112,chr10,130279644,130279645
2304562,chr10,132068148,132068149
2305067,chr10,134018000,134018001
2305530,chr10,134411402,134411403
2306086,chr10,134836129,134836130
2306734,chr10,135123343,135123344
2307163,chr11,376955,376956
2307916,chr11,692912,692913
2308628,chr11,1021991,1021992
2308858,chr11,1214903,1214904
2309010,chr11,1278846,1278847
2309206,chr11,1444813,1444814
2310271,chr11,2389844,2389845
2310763,chr11,3071296,3071297
2310764,chr11,3071304,3071305
2310765,chr11,3071328,3071329
2310807,chr11,3148446,3148447
2310958,chr11,3498254,3498255
2324960,chr11,119860377,119860378
2325316,chr11,123134866,123134867
2328687,chr12,8410722,8410723
2329529,chr12,24369831,24369832
2330352,chr12,34372420,34372421
2330355,chr12,34372490,34372491
2332820,chr12,54763629,54763630
2338050,chr12,120034445,120034446
2338187,chr12,120651871,120651872
2339007,chr12,122461978,122461979
2340192,chr12,125434965,125434966
2340853,chr12,131303931,131303932
2341044,chr12,131863540,131863541
2341242,chr12,132336077,132336078
2341711,chr12,132851688,132851689
2342326,chr12,133180622,133180623
2342329,chr12,133180695,133180696
2343232,chr13,21893518,21893519
2352318,chr14,32181046,32181047
2353493,chr14,51974876,51974877
2354762,chr14,65208519,65208520
2357455,chr14,92853169,92853170
2357456,chr14,92853183,92853184
2358107,chr14,96521484,96521485
2358690,chr14,100610018,100610019
2358890,chr14,100784970,100784971
2359538,chr14,102396533,102396534
2360066,chr14,103566785,103566786
2360166,chr14,103696461,103696462
2360867,chr14,104761067,104761068
2360958,chr14,104889502,104889503
2361061,chr14,105033581,105033582
2362000,chr14,105812672,105812673
2363370,chr15,28019882,28019883
2367856,chr15,66464302,66464303
2368254,chr15,68603920,68603921
2368425,chr15,69607204,69607205
2368658,chr15,72095240,72095241
2368659,chr15,72095251,72095252
2368660,chr15,72095260,72095261
2370495,chr15,80851782,80851783
2372598,chr15,97491221,97491222
2374521,chr16,677786,677787
2374523,chr16,677797,677798
2376179,chr16,1262617,1262618
2376702,chr16,1515536,1515537
2377472,chr16,2030740,2030741
2377517,chr16,2042843,2042844
2378110,chr16,2286256,2286257
2380098,chr16,4730885,4730886
2380334,chr16,4938925,4938926
2382054,chr16,20360298,20360299
2382530,chr16,24546592,24546593
2384138,chr16,30832296,30832297
2384795,chr16,33997564,33997565
2389546,chr16,81041636,81041637
2389887,chr16,83949339,83949340
2391238,chr16,86463088,86463089
2392140,chr16,87891188,87891189
2392282,chr16,88099336,88099337
2393539,chr16,88891580,88891581
2393596,chr16,88915258,88915259
2395168,chr17,171394,171395
2395536,chr17,934829,934830
2395547,chr17,934946,934947
2395548,chr17,934957,934958
2395551,chr17,934984,934985
2397762,chr17,4560178,4560179
2398244,chr17,5403334,5403335
2398245,chr17,5403337,5403338
2399796,chr17,8869907,8869908
2401353,chr17,18159826,18159827
2401977,chr17,20800008,20800009
2402980,chr17,27934928,27934929
2403128,chr17,28878827,28878828
2403129,chr17,28878848,28878849
2403794,chr17,32751554,32751555
2405427,chr17,38935906,38935907
2405428,chr17,38935921,38935922
2405429,chr17,38935923,38935924
2407745,chr17,46671887,46671888
2408487,chr17,48545595,48545596
2413139,chr17,74524687,74524688
2413420,chr17,75143171,75143172
2414674,chr17,77396414,77396415
2416244,chr17,79166230,79166231
2416245,chr17,79166265,79166266
2417581,chr17,79900706,79900707
2418086,chr17,80080061,80080062
2418488,chr17,80407007,80407008
2418991,chr17,80928817,80928818
2420051,chr18,7309210,7309211
2420321,chr18,9738124,9738125
2420420,chr18,10725248,10725249
2420921,chr18,13135041,13135042
2422014,chr18,28681793,28681794
2422015,chr18,28681823,28681824
2422407,chr18,34270375,34270376
2423112,chr18,46202979,46202980
2424165,chr18,59562530,59562531
2425137,chr18,74329660,74329661
2425163,chr18,74499511,74499512
2425164,chr18,74499527,74499528
2425165,chr18,74499533,74499534
2425166,chr18,74499561,74499562
2425167,chr18,74499571,74499572
2425168,chr18,74499573,74499574
2425169,chr18,74499584,74499585
2425170,chr18,74499587,74499588
2425171,chr18,74499607,74499608
2425172,chr18,74499615,74499616
2425173,chr18,74499624,74499625
2425448,chr18,76128515,76128516
2425545,chr18,76322841,76322842
2425546,chr18,76322851,76322852
2425689,chr18,76548249,76548250
2425700,chr18,76561310,76561311
2426398,chr18,77410108,77410109
2426399,chr18,77410113,77410114
2426835,chr18,77918243,77918244
2428848,chr19,1009057,1009058
2431844,chr19,2184222,2184223
2433161,chr19,2991993,2991994
2433553,chr19,3313301,3313302
2435401,chr19,4538263,4538264
2436030,chr19,5110825,5110826
2438113,chr19,8025083,8025084
2440614,chr19,12809962,12809963
2442485,chr19,15538966,15538967
2443021,chr19,16687535,16687536
2443655,chr19,17571581,17571582
2443745,chr19,17652999,17653000
2445520,chr19,19681180,19681181
2445599,chr19,19748957,19748958
2446198,chr19,29284616,29284617
2446526,chr19,31022657,31022658
2447237,chr19,34558507,34558508
2449116,chr19,39589195,39589196
2449377,chr19,39908623,39908624
2450638,chr19,43965675,43965676
2451810,chr19,46800354,46800355
2453076,chr19,49001029,49001030
2453078,chr19,49001046,49001047
2453079,chr19,49001061,49001062
2454866,chr19,51171431,51171432
2454867,chr19,51171433,51171434
2454868,chr19,51171436,51171437
2454870,chr19,51171459,51171460
2456831,chr19,56001913,56001914
2457745,chr19,58629744,58629745
2458439,chr2,731561,731562
2458745,chr2,1821160,1821161
2459612,chr2,9307131,9307132
2459653,chr2,9562533,9562534
2460844,chr2,19556213,19556214
2461490,chr2,25384264,25384265
2461491,chr2,25384267,25384268
2461493,chr2,25384383,25384384
2461522,chr2,25427409,25427410
2465327,chr2,66672660,66672661
2466004,chr2,71839477,71839478
2469113,chr2,102866926,102866927
2470400,chr2,119599830,119599831
2472614,chr2,136845752,136845753
2472615,chr2,136845759,136845760
2472616,chr2,136845781,136845782
2473430,chr2,161125858,161125859
2473704,chr2,168421100,168421101
2474483,chr2,176006313,176006314
2479397,chr2,233284661,233284662
2480584,chr2,239015097,239015098
2482392,chr2,242212842,242212843
2483513,chr20,2397858,2397859
2483798,chr20,3148558,3148559
2486128,chr20,25990505,25990506
2487292,chr20,34118712,34118713
2487670,chr20,35585989,35585990
2489287,chr20,46295388,46295389
2489452,chr20,47220443,47220444
2489506,chr20,47445579,47445580
2491821,chr20,60576578,60576579
2491825,chr20,60595088,60595089
2492063,chr20,60809509,60809510
2492703,chr20,61353941,61353942
2492759,chr20,61417626,61417627
2494272,chr20,62317623,62317624
2496796,chr21,40395591,40395592
2497607,chr21,44143449,44143450
2498967,chr21,45869883,45869884
2505665,chr22,32531816,32531817
2505870,chr22,35372355,35372356
2505871,chr22,35402598,35402599
2506225,chr22,37133242,37133243
2508554,chr22,42606257,42606258
2508727,chr22,42919245,42919246
2508728,chr22,42919258,42919259
2509186,chr22,43733488,43733489
2509187,chr22,43733496,43733497
2509639,chr22,44943121,44943122
2510416,chr22,46460294,46460295
2510492,chr22,46480128,46480129
2511125,chr22,47412711,47412712
2511336,chr22,48109794,48109795
2511439,chr22,48734303,48734304
2512135,chr22,49947718,49947719
2512586,chr22,50340823,50340824
2512825,chr22,50609273,50609274
2513354,chr22,50877165,50877166
2513940,chr3,4761184,4761185
2523160,chr3,126068174,126068175
2523293,chr3,126257511,126257512
2524090,chr3,129068249,129068250
2524092,chr3,129068280,129068281
2525550,chr3,147142102,147142103
2527854,chr3,184854556,184854557
2530168,chr4,767408,767409
2530171,chr4,778369,778370
2533756,chr4,6273444,6273445
2534322,chr4,7370115,7370116
2534366,chr4,7488449,7488450
2534497,chr4,7742474,7742475
2535271,chr4,8891649,8891650
2536993,chr4,41258941,41258942
2537538,chr4,54968017,54968018
2537539,chr4,54968019,54968020
2539325,chr4,89123811,89123812
2539636,chr4,99458373,99458374
2540892,chr4,129594956,129594957
2541951,chr4,153897316,153897317
2542129,chr4,155702775,155702776
2546068,chr5,1747022,1747023
2552715,chr5,124312097,124312098
2553168,chr5,131608819,131608820
2553169,chr5,131608832,131608833
2554880,chr5,140346470,140346471
2556808,chr5,169931787,169931788
2559384,chr5,178913310,178913311
2559766,chr5,179634691,179634692
2560437,chr6,503785,503786
2560438,chr6,503807,503808
2561241,chr6,3470203,3470204
2561875,chr6,8275707,8275708
2564482,chr6,34530324,34530325
2565301,chr6,37723518,37723519
2565977,chr6,42678362,42678363
2565979,chr6,42678374,42678375
2569561,chr6,110641765,110641766
2571001,chr6,138200296,138200297
2574654,chr6,170525125,170525126
2574792,chr6,170734443,170734444
2575132,chr7,389262,389263
2575134,chr7,389399,389400
2577160,chr7,1509617,1509618
2577653,chr7,1717544,1717545
2578161,chr7,2137027,2137028
2578786,chr7,2836958,2836959
2579582,chr7,5372485,5372486
2580121,chr7,6179432,6179433
2580122,chr7,6179465,6179466
2580810,chr7,16611283,16611284
2581439,chr7,26283922,26283923
2584080,chr7,52341604,52341605
2584086,chr7,52341729,52341730
2584382,chr7,56060101,56060102
2589307,chr7,100943653,100943654
2591444,chr7,129303882,129303883
2591649,chr7,130013911,130013912
2594467,chr7,151789079,151789080
2595171,chr7,155386971,155386972
2595543,chr7,156735368,156735369
2596315,chr7,157656774,157656775
2596796,chr7,158773640,158773641
2597333,chr8,1321519,1321520
2597334,chr8,1321525,1321526
2597335,chr8,1321539,1321540
2597639,chr8,1897910,1897911
2597818,chr8,2947695,2947696
2600369,chr8,29205528,29205529
2601515,chr8,42358746,42358747
2615632,chr9,95873967,95873968
2618819,chr9,126219681,126219682
2621373,chr9,132944044,132944045
2621513,chr9,133394920,133394921
2624006,chr9,137673708,137673709
2624259,chr9,138036485,138036486
2624285,chr9,138077086,138077087
2624447,chr9,138306214,138306215
2624785,chr9,138662961,138662962
2627038,chr9,139934176,139934177
2629377,chrX,14891495,14891496
2629775,chrX,17756607,17756608
2630036,chrX,19399621,19399622
2630204,chrX,20286275,20286276
2630657,chrX,24380421,24380422
2630884,chrX,25041215,25041216
2631382,chrX,37431423,37431424
2631388,chrX,37431453,37431454
2631389,chrX,37431458,37431459
2631456,chrX,38079725,38079726
2631780,chrX,39943404,39943405
2632380,chrX,41301893,41301894
2632548,chrX,43831914,43831915
2632575,chrX,44465958,44465959
2632776,chrX,46618219,46618220
2633439,chrX,48749055,48749056
2633972,chrX,51239413,51239414
2634323,chrX,54209251,54209252
2634325,chrX,54209260,54209261
2634425,chrX,54666175,54666176
2634426,chrX,54666198,54666199
2634428,chrX,54666221,54666222
2634585,chrX,57338760,57338761
2634832,chrX,64627646,64627647
2634910,chrX,64887690,64887691
2634911,chrX,64887702,64887703
2634912,chrX,64887719,64887720
2636200,chrX,79829049,79829050
2636644,chrX,99663429,99663430
2636731,chrX,99891422,99891423
2636923,chrX,101967593,101967594
2637113,chrX,103411735,103411736
2637319,chrX,107068962,107068963
2637320,chrX,107068973,107068974
2637347,chrX,107069613,107069614
2637791,chrX,117250411,117250412
2638071,chrX,118602278,118602279
2638263,chrX,118893079,118893080
2638267,chrX,118893134,118893135
2638383,chrX,119133992,119133993
2638995,chrX,129091345,129091346
2640076,chrX,136116128,136116129
2640116,chrX,136627877,136627878
2640953,chrX,150344628,150344629
2641426,chrX,152758220,152758221
2641710,chrX,152928132,152928133
2641906,chrX,153046190,153046191
2642936,chrX,153718691,153718692
2642967,chrX,153744123,153744124
2642981,chrX,153744328,153744329
2643135,chrX,153979067,153979068
2643341,chrY,13487916,13487917
2644163,chr10,31988775,31988776
2644238,chr10,74684272,74684273
2644530,chr10,134780997,134780998
2644752,chr11,63902658,63902659
2644995,chr11,134527278,134527279
2646356,chr16,23197078,23197079
2646576,chr16,87712396,87712397
2646577,chr16,87712423,87712424
2646578,chr16,87712430,87712431
2647018,chr17,74822673,74822674
2649201,chr22,45261555,45261556
2649568,chr3,169281465,169281466
2651405,chr8,9777409,9777410
2652165,chrX,39943372,39943373
2652767,chr1,44771473,44771474
2653530,chr10,79229820,79229821
2653545,chr10,79821096,79821097
2653611,chr10,100993346,100993347
2654160,chr11,114522033,114522034
2654210,chr11,128206131,128206132
2654792,chr13,40567790,40567791
2655468,chr15,95739336,95739337
2655945,chr16,86995146,86995147
2656242,chr17,34254215,34254216
2656497,chr17,76688990,76688991
2656966,chr19,15260279,15260280
2658280,chr20,43579740,43579741
2658293,chr20,48683568,48683569
2658487,chr21,43274736,43274737
2658574,chr22,23449879,23449880
2658986,chr3,57242673,57242674
2658987,chr3,57242716,57242717
2659340,chr3,195861213,195861214
2659548,chr4,56205391,56205392
2660187,chr5,154581349,154581350
2660369,chr6,35725316,35725317
2661488,chr8,35727232,35727233
2661489,chr8,35727250,35727251
2661582,chr8,75897451,75897452
2662062,chr9,126219701,126219702
2662080,chr9,129442980,129442981
2662220,chrX,50213112,50213113
2662514,chr1,3042583,3042584
2662569,chr1,3456733,3456734
2664161,chr1,50898730,50898731
2664797,chr1,114546111,114546112
2666126,chr1,232667536,232667537
2666753,chr10,13934429,13934430
2667314,chr10,52299025,52299026
2668538,chr10,125770614,125770615
2668641,chr10,130339669,130339670
2668848,chr10,134999853,134999854
2668875,chr10,135255851,135255852
2670247,chr11,69818516,69818517
2670473,chr11,77282643,77282644
2670570,chr11,91960411,91960412
2672110,chr12,54330920,54330921
2672496,chr12,89156667,89156668
2673778,chr13,31825944,31825945
2674643,chr13,113422444,113422445
2674644,chr13,113422459,113422460
2674645,chr13,113422472,113422473
2675017,chr14,36978395,36978396
2675393,chr14,69269139,69269140
2675853,chr14,93522233,93522234
2676640,chr15,37389343,37389344
2677624,chr15,90918806,90918807
2678075,chr16,1738115,1738116
2679645,chr16,71832507,71832508
2679646,chr16,71832511,71832512
2679995,chr16,85212131,85212132
2681359,chr17,27033334,27033335
2683941,chr18,46580772,46580773
2683997,chr18,50067271,50067272
2684945,chr19,3943257,3943258
2687112,chr19,50826164,50826165
2687115,chr19,50952867,50952868
2687266,chr19,53832427,53832428
2687879,chr2,10219441,10219442
2688202,chr2,27209633,27209634
2688820,chr2,72171098,72171099
2688841,chr2,73551516,73551517
2689287,chr2,109762023,109762024
2689806,chr2,148959020,148959021
2690514,chr2,223177012,223177013
2690676,chr2,233904527,233904528
2690936,chr2,242123844,242123845
2691925,chr20,52759005,52759006
2692116,chr20,59994082,59994083
2693081,chr21,47950499,47950500
2693400,chr22,24213158,24213159
2694188,chr22,44144518,44144519
2695573,chr3,59804390,59804391
2696177,chr3,128273657,128273658
2696729,chr3,175150812,175150813
2696987,chr3,192623374,192623375
2697332,chr4,2155650,2155651
2697339,chr4,2335365,2335366
2697527,chr4,6992752,6992753
2697529,chr4,7030627,7030628
2697530,chr4,7030656,7030657
2697691,chr4,8547093,8547094
2698565,chr4,113432934,113432935
2698816,chr4,144435546,144435547
2698928,chr4,155297093,155297094
2699055,chr4,173402273,173402274
2699085,chr4,175135922,175135923
2699963,chr5,41250432,41250433
2700085,chr5,55474148,55474149
2700468,chr5,115444711,115444712
2700807,chr5,138883154,138883155
2700808,chr5,138883162,138883163
2701023,chr5,150006054,150006055
2701024,chr5,150006074,150006075
2701803,chr6,7432518,7432519
2703201,chr6,137027586,137027587
2704328,chr7,11012967,11012968
2704329,chr7,11012979,11012980
2704330,chr7,11012985,11012986
2704331,chr7,11012994,11012995
2704922,chr7,62475763,62475764
2705361,chr7,81240603,81240604
2706134,chr7,141619552,141619553
2706265,chr7,149489529,149489530
2706631,chr8,1113311,1113312
2708486,chr9,14313375,14313376
2708487,chr9,14313385,14313386
2708488,chr9,14313402,14313403
2708495,chr9,14314524,14314525
2709581,chr9,117996897,117996898
2709838,chr9,131108808,131108809
2710617,chr9,140344781,140344782
2710830,chrX,18372098,18372099
2710832,chrX,18372115,18372116
2711386,chrX,49012009,49012010
2711428,chrX,52696559,52696560
2711527,chrX,55369334,55369335
2711529,chrX,55744136,55744137
2711530,chrX,55744150,55744151
2711532,chrX,55744171,55744172
2711869,chrX,103412038,103412039
2712032,chrX,118925816,118925817
2712243,chrX,135851021,135851022
2712274,chrX,138988664,138988665
2712378,chrX,150083053,150083054
2712518,chrX,153362607,153362608
2714182,chr9,123198679,123198680
2715260,chr13,73152600,73152601
2715734,chr17,7030089,7030090
2716214,chr2,90016302,90016303
2716357,chr2,241286621,241286622
2716366,chr20,15918077,15918078
2716547,chr22,43670648,43670649
2716667,chr3,111563842,111563843
2716680,chr3,124417081,124417082
2717310,chr7,515230,515231
2717374,chr7,12991069,12991070
2717649,chr8,142189756,142189757
2719002,chrX,49643739,49643740
2719705,chr1,973021,973022
2720000,chr1,1009439,1009440
2720714,chr1,1164458,1164459
2721032,chr1,1233507,1233508
2723673,chr1,2214406,2214407
2725781,chr1,3073643,3073644
2726257,chr1,3221837,3221838
2727429,chr1,3622561,3622562
2727584,chr1,3679713,3679714
2729591,chr1,6562831,6562832
2729865,chr1,6778487,6778488
2729962,chr1,7080897,7080898
2730354,chr1,7750788,7750789
2730355,chr1,7750796,7750797
2734547,chr1,16271505,16271506
2735443,chr1,17865653,17865654
2735622,chr1,18023930,18023931
2735674,chr1,18146090,18146091
2735805,chr1,18634208,18634209
2736003,chr1,18977026,18977027
2736239,chr1,19292653,19292654
2736293,chr1,19398227,19398228
2736967,chr1,21005136,21005137
2737212,chr1,21623929,21623930
2737411,chr1,21934833,21934834
2737903,chr1,22489763,22489764
2738803,chr1,24782317,24782318
2741310,chr1,29769683,29769684
2741863,chr1,31989898,31989899
2743646,chr1,36192379,36192380
2744445,chr1,38187452,38187453
2744677,chr1,38510251,38510252
2748802,chr1,52647197,52647198
2750200,chr1,58628768,58628769
2751779,chr1,75598867,75598868
2752773,chr1,87746533,87746534
2753815,chr1,95393371,95393372
2755200,chr1,110466319,110466320
2755587,chr1,111216759,111216760
2756856,chr1,117823882,117823883
2757493,chr1,147091036,147091037
2759376,chr1,154548946,154548947
2763818,chr1,181058164,181058165
2766489,chr1,203978371,203978372
2767564,chr1,208143501,208143502
2770599,chr1,227709858,227709859
2771828,chr1,229274640,229274641
2771829,chr1,229283137,229283138
2772816,chr1,232865648,232865649
2773284,chr1,234952432,234952433
2774789,chr1,244507275,244507276
2774998,chr1,245068266,245068267
2776356,chr10,742858,742859
2776771,chr10,1401891,1401892
2776863,chr10,1498579,1498580
2776990,chr10,1749360,1749361
2777593,chr10,4206902,4206903
2777729,chr10,5502444,5502445
2778016,chr10,6057869,6057870
2778450,chr10,7601077,7601078
2778598,chr10,8080396,8080397
2781332,chr10,23982786,23982787
2783638,chr10,42646328,42646329
2783639,chr10,42646330,42646331
2784248,chr10,43891594,43891595
2784249,chr10,43891632,43891633
2784250,chr10,43891634,43891635
2784392,chr10,44175121,44175122
2784589,chr10,44892516,44892517
2785581,chr10,50976784,50976785
2785765,chr10,54066317,54066318
2786145,chr10,61122044,61122045
2786146,chr10,61122065,61122066
2786147,chr10,61122072,61122073
2786148,chr10,61122082,61122083
2789256,chr10,77760762,77760763
2789347,chr10,79171582,79171583
2790612,chr10,86604406,86604407
2792122,chr10,95860595,95860596
2792807,chr10,99359765,99359766
2793308,chr10,101287654,101287655
2795928,chr10,111051617,111051618
2796664,chr10,115323107,115323108
2796715,chr10,115478998,115478999
2797492,chr10,119126642,119126643
2799290,chr10,125426294,125426295
2799904,chr10,126686841,126686842
2800253,chr10,127464157,127464158
2801075,chr10,130726326,130726327
2801076,chr10,130726328,130726329
2801885,chr10,132350704,132350705
2801890,chr10,132363746,132363747
2801952,chr10,132634684,132634685
2801966,chr10,132697521,132697522
2802647,chr10,133809882,133809883
2803813,chr10,134437683,134437684
2804607,chr10,134773829,134773830
2805329,chr10,135039457,135039458
2805945,chr10,135273658,135273659
2805947,chr10,135273680,135273681
2806604,chr11,410232,410233
2806605,chr11,410267,410268
2807605,chr11,723109,723110
2808128,chr11,862475,862476
2809331,chr11,1375330,1375331
2811535,chr11,2542734,2542735
2811537,chr11,2542773,2542774
2811538,chr11,2542778,2542779
2812224,chr11,2931113,2931114
2812656,chr11,3242156,3242157
2813522,chr11,8252218,8252219
2817201,chr11,33905402,33905403
2820095,chr11,56884430,56884431
2820820,chr11,60695215,60695216
2821784,chr11,61957695,61957696
2824148,chr11,64606848,64606849
2828192,chr11,68050344,68050345
2828216,chr11,68076145,68076146
2828301,chr11,68141742,68141743
2830044,chr11,70269995,70269996
2830238,chr11,70456768,70456769
2831229,chr11,72396829,72396830
2831249,chr11,72423412,72423413
2831250,chr11,72423436,72423437
2832099,chr11,75151018,75151019
2833783,chr11,89446169,89446170
2835397,chr11,111297479,111297480
2835701,chr11,113185089,113185090
2835702,chr11,113185104,113185105
2835703,chr11,113185125,113185126
2835704,chr11,113185127,113185128
2835989,chr11,114179364,114179365
2836057,chr11,114486117,114486118
2836297,chr11,116410016,116410017
2836980,chr11,118404580,118404581
2837062,chr11,118505803,118505804
2837232,chr11,118840950,118840951
2837492,chr11,119206824,119206825
2838066,chr11,120393093,120393094
2839116,chr11,125244765,125244766
2840419,chr11,130608164,130608165
2841184,chr11,134246754,134246755
2841470,chr11,134717499,134717500
2841767,chr12,737164,737165
2841768,chr12,737175,737176
2841769,chr12,737186,737187
2843558,chr12,6166916,6166917
2844832,chr12,10106118,10106119
2845038,chr12,11975049,11975050
2845142,chr12,12600443,12600444
2845970,chr12,22093989,22093990
2845976,chr12,22094174,22094175
2847290,chr12,34372510,34372511
2847707,chr12,38553271,38553272
2847772,chr12,39300361,39300362
2848173,chr12,43946245,43946246
2848176,chr12,43946278,43946279
2848177,chr12,43946280,43946281
2850352,chr12,52311540,52311541
2851288,chr12,53726679,53726680
2851396,chr12,53899680,53899681
2851486,chr12,54332161,54332162
2851774,chr12,54447766,54447767
2852351,chr12,56536491,56536492
2855426,chr12,85673330,85673331
2855427,chr12,85673344,85673345
2855429,chr12,85673353,85673354
2855555,chr12,89214216,89214217
2855574,chr12,89746184,89746185
2855842,chr12,93847800,93847801
2856380,chr12,97857208,97857209
2857699,chr12,107318950,107318951
2858404,chr12,109983559,109983560
2859117,chr12,111473249,111473250
2860328,chr12,114200488,114200489
2860577,chr12,115109690,115109691
2861323,chr12,118454033,118454034
2862014,chr12,121032169,121032170
2863693,chr12,123466822,123466823
2864758,chr12,124982608,124982609
2865018,chr12,125242855,125242856
2865632,chr12,127940856,127940857
2866206,chr12,130627409,130627410
2866376,chr12,130911352,130911353
2866384,chr12,130920339,130920340
2866552,chr12,131171305,131171306
2867341,chr12,132336098,132336099
2868433,chr12,132933091,132933092
2868434,chr12,132933107,132933108
2869236,chr12,133180582,133180583
2869725,chr13,19174028,19174029
2870256,chr13,20994195,20994196
2870879,chr13,22864889,22864890
2871073,chr13,23995003,23995004
2873076,chr13,31480225,31480226
2873521,chr13,35517346,35517347
2873522,chr13,35517348,35517349
2873523,chr13,35517351,35517352
2873525,chr13,35517355,35517356
2873527,chr13,35517374,35517375
2875475,chr13,50706360,50706361
2876587,chr13,67974607,67974608
2877335,chr13,79170955,79170956
2877336,chr13,79170959,79170960
2877339,chr13,79170970,79170971
2877340,chr13,79170972,79170973
2877341,chr13,79170983,79170984
2877342,chr13,79170985,79170986
2877343,chr13,79170987,79170988
2877344,chr13,79170990,79170991
2877732,chr13,84091076,84091077
2877744,chr13,84128712,84128713
2878086,chr13,91683556,91683557
2878648,chr13,97054047,97054048
2879621,chr13,100926141,100926142
2880124,chr13,107059759,107059760
2881193,chr13,111519985,111519986
2881460,chr13,112168287,112168288
2881743,chr13,112715460,112715461
2881980,chr13,112824225,112824226
2883335,chr13,114061740,114061741
2883336,chr13,114061755,114061756
2883337,chr13,114061771,114061772
2883338,chr13,114061812,114061813
2883339,chr13,114061823,114061824
2883340,chr13,114061825,114061826
2883341,chr13,114061833,114061834
2884015,chr13,114538958,114538959
2884571,chr13,114918466,114918467
2885272,chr14,23093998,23093999
2885334,chr14,23308472,23308473
2886242,chr14,25043566,25043567
2886243,chr14,25043609,25043610
2887363,chr14,36978372,36978373
2887364,chr14,36978377,36978378
2887365,chr14,36978389,36978390
2887936,chr14,42076819,42076820
2889406,chr14,55441315,55441316
2890311,chr14,61109319,61109320
2891504,chr14,68985891,68985892
2891771,chr14,69704358,69704359
2892184,chr14,71022841,71022842
2893192,chr14,74744713,74744714
2895454,chr14,90923309,90923310
2895547,chr14,91264593,91264594
2896302,chr14,93426482,93426483
2898349,chr14,100206699,100206700
2899122,chr14,101069685,101069686
2899536,chr14,101539007,101539008
2899691,chr14,101832134,101832135
2900487,chr14,102912032,102912033
2900766,chr14,103214191,103214192
2901347,chr14,103623097,103623098
2901792,chr14,104050564,104050565
2902595,chr14,104643285,104643286
2903875,chr14,105335067,105335068
2904055,chr14,105398511,105398512
2904231,chr14,105499430,105499431
2905248,chr14,105932543,105932544
2908528,chr15,33420726,33420727
2909001,chr15,37172896,37172897
2909166,chr15,38884172,38884173
2910512,chr15,42149036,42149037
2910694,chr15,42696163,42696164
2911260,chr15,45389674,45389675
2912293,chr15,53077272,53077273
2912294,chr15,53077281,53077282
2913221,chr15,60257717,60257718
2914057,chr15,64578332,64578333
2915668,chr15,69566574,69566575
2916016,chr15,70492133,70492134
2916048,chr15,70669548,70669549
2916313,chr15,72447579,72447580
2916428,chr15,72736614,72736615
2916539,chr15,73334912,73334913
2917185,chr15,74891625,74891626
2917645,chr15,75641193,75641194
2919414,chr15,80851689,80851690
2920741,chr15,87115285,87115286
2922472,chr15,91584247,91584248
2922494,chr15,91878409,91878410
2922956,chr15,94022770,94022771
2923997,chr15,99995302,99995303
2923998,chr15,99995323,99995324
2923999,chr15,99995333,99995334
2924000,chr15,99995342,99995343
2924005,chr15,100033746,100033747
2924169,chr15,100663758,100663759
2925054,chr16,131910,131911
2925847,chr16,570232,570233
2927881,chr16,1031278,1031279
2928337,chr16,1128617,1128618
2928342,chr16,1128907,1128908
2928708,chr16,1200204,1200205
2928983,chr16,1246190,1246191
2929990,chr16,1518589,1518590
2930142,chr16,1560080,1560081
2932498,chr16,2546293,2546294
2932707,chr16,2742165,2742166
2932710,chr16,2742435,2742436
2932964,chr16,2855218,2855219
2933423,chr16,3088417,3088418
2933988,chr16,3583349,3583350
2934475,chr16,4234407,4234408
2934605,chr16,4356748,4356749
2935461,chr16,4909785,4909786
2935909,chr16,6972390,6972391
2936006,chr16,8308866,8308867
2936363,chr16,9324066,9324067
2936807,chr16,11319654,11319655
2938566,chr16,19724710,19724711
2939476,chr16,24266747,24266748
2939946,chr16,27347923,27347924
2940559,chr16,28889971,28889972
2942208,chr16,30762415,30762416
2942209,chr16,30762446,30762447
2942210,chr16,30762449,30762450
2942211,chr16,30762461,30762462
2943435,chr16,33571926,33571927
2944150,chr16,47752137,47752138
2944238,chr16,48396306,48396307
2944619,chr16,49714594,49714595
2945225,chr16,51184878,51184879
2945226,chr16,51184886,51184887
2946193,chr16,56345978,56345979
2946876,chr16,57549290,57549291
2947071,chr16,57907336,57907337
2947239,chr16,58077792,58077793
2947242,chr16,58077827,58077828
2947447,chr16,58522212,58522213
2950960,chr16,72980789,72980790
2951187,chr16,73750598,73750599
2951189,chr16,73750607,73750608
2952142,chr16,78647500,78647501
2952247,chr16,79392451,79392452
2953703,chr16,84541444,84541445
2953737,chr16,84645944,84645945
2955394,chr16,85768072,85768073
2955468,chr16,85832206,85832207
2956044,chr16,86625485,86625486
2956447,chr16,87329470,87329471
2956496,chr16,87369929,87369930
2956854,chr16,87653051,87653052
2956990,chr16,87725460,87725461
2956992,chr16,87725464,87725465
2957220,chr16,87873168,87873169
2957280,chr16,87887053,87887054
2958529,chr16,88615527,88615528
2959479,chr16,88914025,88914026
2960436,chr16,89251318,89251319
2961127,chr16,89690079,89690080
2962311,chr17,685578,685579
2963959,chr17,1839580,1839581
2965273,chr17,3439212,3439213
2965314,chr17,3491684,3491685
2965409,chr17,3591933,3591934
2965533,chr17,3764113,3764114
2965741,chr17,3889321,3889322
2965746,chr17,3889410,3889411
2966068,chr17,4444735,4444736
2966432,chr17,4837077,4837078
2966909,chr17,5974609,5974610
2967065,chr17,6367107,6367108
2967212,chr17,6652508,6652509
2967243,chr17,6796941,6796942
2967244,chr17,6796953,6796954
2969095,chr17,8286528,8286529
2969096,chr17,8286554,8286555
2969360,chr17,8869948,8869949
2969460,chr17,8977479,8977480
2969858,chr17,10231253,10231254
2970638,chr17,15821233,15821234
2970982,chr17,16908674,16908675
2972727,chr17,20516997,20516998
2973026,chr17,21226372,21226373
2973732,chr17,26825159,26825160
2975591,chr17,32459312,32459313
2975718,chr17,33099626,33099627
2976371,chr17,35650114,35650115
2977136,chr17,36989399,36989400
2977646,chr17,37783973,37783974
2978168,chr17,38488400,38488401
2979135,chr17,40700137,40700138
2979137,chr17,40700174,40700175
2979139,chr17,40700271,40700272
2979967,chr17,42015398,42015399
2981195,chr17,44851102,44851103
2982040,chr17,46669485,46669486
2982141,chr17,46697583,46697584
2983872,chr17,52393848,52393849
2984335,chr17,55185346,55185347
2984345,chr17,55226579,55226580
2984382,chr17,55368477,55368478
2984447,chr17,55628644,55628645
2985724,chr17,60353213,60353214
2986793,chr17,63301353,63301354
2987049,chr17,64882903,64882904
2987847,chr17,70116709,70116710
2987984,chr17,70466483,70466484
2988195,chr17,71205802,71205803
2988444,chr17,71589016,71589017
2988469,chr17,71602035,71602036
2988810,chr17,72312610,72312611
2989078,chr17,72611095,72611096
2991448,chr17,74674002,74674003
2991561,chr17,74822659,74822660
2991816,chr17,75143207,75143208
2991942,chr17,75284971,75284972
2993265,chr17,76818967,76818968
2993590,chr17,77100119,77100120
2994220,chr17,77743782,77743783
2994221,chr17,77743787,77743788
2995387,chr17,78413494,78413495
2995615,chr17,78512369,78512370
2995717,chr17,78779370,78779371
2995718,chr17,78779382,78779383
2995821,chr17,78864275,78864276
2995822,chr17,78864280,78864281
2995823,chr17,78864293,78864294
2995824,chr17,78864301,78864302
2998105,chr17,79639902,79639903
2998340,chr17,79763038,79763039
3000512,chr17,80668678,80668679
3000770,chr17,80873307,80873308
3000771,chr17,80873333,80873334
3000985,chr17,81008593,81008594
3001302,chr17,81066977,81066978
3001716,chr18,2179011,2179012
3005139,chr18,19745932,19745933
3006607,chr18,33230683,33230684
3006844,chr18,34900385,34900386
3007241,chr18,42818319,42818320
3010954,chr18,71823167,71823168
3011386,chr18,73717868,73717869
3011801,chr18,74499702,74499703
3011802,chr18,74499714,74499715
3011926,chr18,74726198,74726199
3012361,chr18,75998982,75998983
3012536,chr18,76390356,76390357
3012840,chr18,76709468,76709469
3013332,chr18,77156879,77156880
3013333,chr18,77156914,77156915
3013334,chr18,77156916,77156917
3013335,chr18,77156920,77156921
3013380,chr18,77164242,77164243
3013577,chr18,77225777,77225778
3013578,chr18,77225792,77225793
3013579,chr18,77225803,77225804
3013580,chr18,77225815,77225816
3013701,chr18,77256488,77256489
3013950,chr18,77370022,77370023
3014082,chr18,77476246,77476247
3014560,chr18,77674634,77674635
3014674,chr18,77724112,77724113
3016171,chr19,645962,645963
3016845,chr19,819690,819691
3018942,chr19,1235071,1235072
3019522,chr19,1311555,1311556
3020616,chr19,1555807,1555808
3020793,chr19,1588449,1588450
3022002,chr19,1948089,1948090
3022839,chr19,2210488,2210489
3023295,chr19,2295100,2295101
3024085,chr19,2719842,2719843
3028032,chr19,4564459,4564460
3031007,chr19,6801230,6801231
3031058,chr19,6997879,6997880
3031059,chr19,6997882,6997883
3031060,chr19,6997901,6997902
3032226,chr19,8145921,8145922
3037600,chr19,14231243,14231244
3038424,chr19,15290030,15290031
3039613,chr19,16679408,16679409
3040035,chr19,17229591,17229592
3040529,chr19,17608138,17608139
3040789,chr19,17838774,17838775
3041841,chr19,18507797,18507798
3042497,chr19,18869820,18869821
3045408,chr19,30744584,30744585
3045517,chr19,31034608,31034609
3046274,chr19,33705451,33705452
3046652,chr19,34176051,34176052
3047145,chr19,35329679,35329680
3048354,chr19,36579164,36579165
3048443,chr19,36643103,36643104
3049065,chr19,38610541,38610542
3049238,chr19,38746690,38746691
3049239,chr19,38746701,38746702
3051490,chr19,42091847,42091848
3054129,chr19,46274941,46274942
3054513,chr19,46773867,46773868
3054615,chr19,46908835,46908836
3054616,chr19,46908845,46908846
3055580,chr19,47969102,47969103
3058643,chr19,50713811,50713812
3058687,chr19,50735261,50735262
3059214,chr19,51169781,51169782
3060596,chr19,54057743,54057744
3060597,chr19,54057750,54057751
3060598,chr19,54057756,54057757
3060599,chr19,54057758,54057759
3060600,chr19,54057777,54057778
3060601,chr19,54057783,54057784
3061219,chr19,54822160,54822161
3063386,chr19,57615451,57615452
3064567,chr2,392773,392774
3064571,chr2,392811,392812
3064842,chr2,888457,888458
3064843,chr2,888499,888500
3065072,chr2,1567277,1567278
3065245,chr2,1730953,1730954
3065478,chr2,2274622,2274623
3066182,chr2,3652132,3652133
3066269,chr2,3750691,3750692
3066522,chr2,5837519,5837520
3066929,chr2,8747475,8747476
3068452,chr2,11726345,11726346
3068955,chr2,15789933,15789934
3069160,chr2,16402403,16402404
3070107,chr2,23843871,23843872
3070565,chr2,25344611,25344612
3070668,chr2,25470899,25470900
3073121,chr2,34614498,34614499
3073981,chr2,41912846,41912847
3075088,chr2,45558081,45558082
3077029,chr2,62507079,62507080
3077650,chr2,66645698,66645699
3077700,chr2,66672721,66672722
3077701,chr2,66672734,66672735
3077702,chr2,66672839,66672840
3077703,chr2,66672841,66672842
3077704,chr2,66672843,66672844
3078095,chr2,70225997,70225998
3078182,chr2,70408841,70408842
3079025,chr2,73146400,73146401
3079889,chr2,74783455,74783456
3079890,chr2,74783459,74783460
3079891,chr2,74783462,74783463
3079893,chr2,74783546,74783547
3082730,chr2,98365363,98365364
3082732,chr2,98365401,98365402
3082733,chr2,98365406,98365407
3082734,chr2,98365767,98365768
3085149,chr2,111619408,111619409
3085779,chr2,114130568,114130569
3087215,chr2,121620323,121620324
3087658,chr2,122914062,122914063
3090066,chr2,134595708,134595709
3091736,chr2,159584850,159584851
3093481,chr2,173310455,173310456
3093482,chr2,173337561,173337562
3093483,chr2,173337570,173337571
3094213,chr2,176977723,176977724
3095755,chr2,193758619,193758620
3096588,chr2,202798776,202798777
3096605,chr2,202897141,202897142
3097588,chr2,209132619,209132620
3098468,chr2,218977541,218977542
3098922,chr2,219818237,219818238
3100570,chr2,228590878,228590879
3101520,chr2,232582237,232582238
3103151,chr2,236444623,236444624
3104165,chr2,238572403,238572404
3104928,chr2,239414411,239414412
3105884,chr2,240669088,240669089
3106367,chr2,241385457,241385458
3109432,chr20,1920583,1920584
3110026,chr20,3081680,3081681
3110396,chr20,3725621,3725622
3110399,chr20,3725651,3725652
3111370,chr20,10491669,10491670
3114586,chr20,30556611,30556612
3114589,chr20,30571396,30571397
3115518,chr20,32450337,32450338
3116420,chr20,34895366,34895367
3116429,chr20,34979348,34979349
3117024,chr20,36049847,36049848
3119133,chr20,44937041,44937042
3119134,chr20,44937044,44937045
3119135,chr20,44937047,44937048
3119136,chr20,44937053,44937054
3119137,chr20,44937055,44937056
3119436,chr20,45891128,45891129
3119437,chr20,45891150,45891151
3120249,chr20,48515788,48515789
3120256,chr20,48526704,48526705
3120276,chr20,48598254,48598255
3122284,chr20,55965547,55965548
3123626,chr20,58144282,58144283
3123719,chr20,58304310,58304311
3124222,chr20,60091472,60091473
3125221,chr20,60834138,60834139
3127655,chr20,61877885,61877886
3128953,chr20,62272990,62272991
3130589,chr21,16374538,16374539
3131118,chr21,26754834,26754835
3132736,chr21,36180526,36180527
3132737,chr21,36180570,36180571
3132933,chr21,37622639,37622640
3133106,chr21,38035474,38035475
3133548,chr21,38918896,38918897
3133549,chr21,38918927,38918928
3133550,chr21,38918934,38918935
3135294,chr21,44123285,44123286
3137382,chr21,45740590,45740591
3138774,chr21,46726561,46726562
3139935,chr21,47403466,47403467
3140792,chr21,47830170,47830171
3141049,chr22,16228755,16228756
3141151,chr22,17444666,17444667
3142552,chr22,19738598,19738599
3144262,chr22,21986589,21986590
3144792,chr22,23483910,23483911
3145760,chr22,25167957,25167958
3146089,chr22,26318267,26318268
3146476,chr22,27970129,27970130
3148553,chr22,33346545,33346546
3149634,chr22,37451029,37451030
3149823,chr22,37711659,37711660
3154934,chr22,43652899,43652900
3154971,chr22,43689497,43689498
3154973,chr22,43692671,43692672
3156015,chr22,45099093,45099094
3157358,chr22,46463941,46463942
3158478,chr22,47047228,47047229
3158486,chr22,47048853,47048854
3158487,chr22,47048858,47048859
3158995,chr22,47593330,47593331
3159131,chr22,47945995,47945996
3159774,chr22,48985795,48985796
3159781,chr22,48990033,48990034
3160130,chr22,49202383,49202384
3160186,chr22,49293508,49293509
3160281,chr22,49420005,49420006
3161054,chr22,50072253,50072254
3162789,chr22,50792499,50792500
3164216,chr3,9023607,9023608
3165935,chr3,13084130,13084131
3166133,chr3,13432140,13432141
3166424,chr3,13837549,13837550
3166601,chr3,14409845,14409846
3166625,chr3,14446822,14446823
3166677,chr3,14555928,14555929
3167053,chr3,16224346,16224347
3167814,chr3,26838174,26838175
3168561,chr3,32932689,32932690
3169936,chr3,42705738,42705739
3169937,chr3,42705748,42705749
3169938,chr3,42705776,42705777
3169964,chr3,42706066,42706067
3169965,chr3,42706078,42706079
3169966,chr3,42706095,42706096
3172519,chr3,49752647,49752648
3174745,chr3,54232888,54232889
3175801,chr3,64672139,64672140
3176000,chr3,66633661,66633662
3176023,chr3,67048272,67048273
3178388,chr3,110789764,110789765
3178389,chr3,110789767,110789768
3178391,chr3,110789788,110789789
3180043,chr3,125414494,125414495
3180898,chr3,126766494,126766495
3180948,chr3,126924120,126924121
3181232,chr3,127611315,127611316
3181736,chr3,128541096,128541097
3183322,chr3,137428841,137428842
3183547,chr3,138275533,138275534
3184051,chr3,141160614,141160615
3184734,chr3,147142079,147142080
3187236,chr3,176973614,176973615
3187718,chr3,182496908,182496909
3188050,chr3,183765221,183765222
3189646,chr3,193576867,193576868
3190161,chr3,194520912,194520913
3192051,chr4,571620,571621
3194824,chr4,1701564,1701565
3195720,chr4,2068689,2068690
3195933,chr4,2334376,2334377
3196017,chr4,2438696,2438697
3196316,chr4,2852175,2852176
3197846,chr4,4753289,4753290
3198099,chr4,5469677,5469678
3199213,chr4,7117957,7117958
3199753,chr4,7737085,7737086
3199965,chr4,7969313,7969314
3200066,chr4,8068384,8068385
3200067,chr4,8068416,8068417
3200133,chr4,8132036,8132037
3201261,chr4,9783674,9783675
3204416,chr4,41937924,41937925
3204417,chr4,41937934,41937935
3205099,chr4,52862092,52862093
3205266,chr4,54672796,54672797
3205527,chr4,56202764,56202765
3206048,chr4,62068185,62068186
3206611,chr4,73960993,73960994
3206663,chr4,74535501,74535502
3206664,chr4,74535530,74535531
3207317,chr4,80076348,80076349
3208014,chr4,86416403,86416404
3208944,chr4,99595252,99595253
3209108,chr4,101530204,101530205
3210775,chr4,121993228,121993229
3210776,chr4,121993266,121993267
3211139,chr4,126236389,126236390
3211140,chr4,126236397,126236398
3211142,chr4,126236420,126236421
3211143,chr4,126236423,126236424
3211144,chr4,126236429,126236430
3211145,chr4,126236432,126236433
3211465,chr4,129511273,129511274
3211622,chr4,132505672,132505673
3211866,chr4,138001182,138001183
3212036,chr4,140036401,140036402
3212755,chr4,145518239,145518240
3213039,chr4,148151739,148151740
3213045,chr4,148213669,148213670
3213934,chr4,155812455,155812456
3214965,chr4,171010812,171010813
3215260,chr4,174459890,174459891
3215364,chr4,177111182,177111183
3218195,chr5,480121,480122
3218480,chr5,534101,534102
3218646,chr5,634488,634489
3220222,chr5,1619714,1619715
3220988,chr5,2391209,2391210
3221098,chr5,2706252,2706253
3221781,chr5,4580772,4580773
3222506,chr5,8839753,8839754
3225659,chr5,43038528,43038529
3225701,chr5,43073140,43073141
3227642,chr5,67483245,67483246
3230190,chr5,93468357,93468358
3231816,chr5,115910874,115910875
3231818,chr5,115915807,115915808
3232496,chr5,124229157,124229158
3232815,chr5,127462719,127462720
3233621,chr5,133130916,133130917
3234498,chr5,135332436,135332437
3234602,chr5,136851101,136851102
3236152,chr5,140740814,140740815
3236363,chr5,141060750,141060751
3240184,chr5,170741664,170741665
3241278,chr5,173100087,173100088
3242262,chr5,176120668,176120669
3242409,chr5,176289644,176289645
3246838,chr6,2496252,2496253
3247631,chr6,4663712,4663713
3247829,chr6,5116547,5116548
3252643,chr6,34069709,34069710
3253561,chr6,36210068,36210069
3253564,chr6,36235437,36235438
3253624,chr6,36332720,36332721
3254786,chr6,41342565,41342566
3254787,chr6,41342600,41342601
3254791,chr6,41376904,41376905
3254792,chr6,41376907,41376908
3254793,chr6,41376913,41376914
3254794,chr6,41376923,41376924
3256306,chr6,44049483,44049484
3257004,chr6,50681745,50681746
3257005,chr6,50681755,50681756
3257621,chr6,57036604,57036605
3258108,chr6,70845556,70845557
3258212,chr6,71815189,71815190
3259204,chr6,83985735,83985736
3259369,chr6,85315916,85315917
3260297,chr6,95834417,95834418
3260883,chr6,105199025,105199026
3261679,chr6,108753243,108753244
3262812,chr6,117869436,117869437
3263017,chr6,119361780,119361781
3263243,chr6,122837017,122837018
3263463,chr6,125667924,125667925
3263494,chr6,126069821,126069822
3264499,chr6,137295128,137295129
3264967,chr6,139682755,139682756
3267284,chr6,157197579,157197580
3267285,chr6,157197598,157197599
3270337,chr6,168497890,168497891
3270707,chr6,168937527,168937528
3272609,chr7,409794,409795
3274086,chr7,960137,960138
3275508,chr7,1507010,1507011
3276186,chr7,1707964,1707965
3276189,chr7,1708000,1708001
3276280,chr7,1753637,1753638
3276797,chr7,1967834,1967835
3276799,chr7,1967946,1967947
3276800,chr7,1967949,1967950
3276802,chr7,1967957,1967958
3278356,chr7,2932691,2932692
3279969,chr7,5414016,5414017
3281467,chr7,7763849,7763850
3281571,chr7,8481596,8481597
3281573,chr7,8481627,8481628
3281787,chr7,13194188,13194189
3281980,chr7,17409420,17409421
3282039,chr7,18512257,18512258
3283327,chr7,27146720,27146721
3285361,chr7,38700265,38700266
3286814,chr7,45378445,45378446
3287876,chr7,53103381,53103382
3288080,chr7,55136397,55136398
3288315,chr7,56020298,56020299
3288702,chr7,57486910,57486911
3288793,chr7,62528438,62528439
3290644,chr7,72713576,72713577
3291437,chr7,73689059,73689060
3292661,chr7,79081573,79081574
3292662,chr7,79081590,79081591
3292663,chr7,79081602,79081603
3292664,chr7,79081604,79081605
3292665,chr7,79081614,79081615
3294724,chr7,98701608,98701609
3295541,chr7,100171380,100171381
3297547,chr7,105071436,105071437
3297695,chr7,105700450,105700451
3302209,chr7,140655676,140655677
3302371,chr7,142237848,142237849
3303277,chr7,148959890,148959891
3305112,chr7,151157594,151157595
3306511,chr7,155282912,155282913
3306534,chr7,155289911,155289912
3307075,chr7,156369410,156369411
3307247,chr7,156735520,156735521
3308088,chr7,157438335,157438336
3308154,chr7,157467211,157467212
3308155,chr7,157467213,157467214
3308519,chr7,157700801,157700802
3308826,chr7,158149675,158149676
3308960,chr7,158264534,158264535
3309545,chr7,158905340,158905341
3309836,chr8,681981,681982
3310041,chr8,900076,900077
3310069,chr8,998231,998232
3310212,chr8,1155020,1155021
3310609,chr8,1849798,1849799
3311361,chr8,6875622,6875623
3311440,chr8,8176064,8176065
3313168,chr8,17767651,17767652
3313308,chr8,18855167,18855168
3313309,chr8,18855172,18855173
3313757,chr8,21896750,21896751
3315931,chr8,29742801,29742802
3315932,chr8,29742828,29742829
3316340,chr8,33490634,33490635
3317635,chr8,41721334,41721335
3318539,chr8,47060614,47060615
3320159,chr8,57110855,57110856
3321074,chr8,65499369,65499370
3321186,chr8,67279484,67279485
3322185,chr8,76213064,76213065
3322453,chr8,81146038,81146039
3324428,chr8,101831511,101831512
3327121,chr8,134276828,134276829
3327122,chr8,134276854,134276855
3327385,chr8,135968055,135968056
3327975,chr8,140946084,140946085
3327983,chr8,140988580,140988581
3329630,chr8,143272006,143272007
3330609,chr8,143961102,143961103
3335537,chr9,5619839,5619840
3336036,chr9,14081239,14081240
3336037,chr9,14081246,14081247
3339589,chr9,44118236,44118237
3339591,chr9,44118354,44118355
3340300,chr9,73040249,73040250
3340793,chr9,79351698,79351699
3341114,chr9,81057982,81057983
3341294,chr9,84315874,84315875
3341823,chr9,89518266,89518267
3341824,chr9,89518277,89518278
3343977,chr9,96714225,96714226
3343979,chr9,96714254,96714255
3344756,chr9,99137569,99137570
3345097,chr9,100111316,100111317
3346445,chr9,111035142,111035143
3346825,chr9,112976081,112976082
3347253,chr9,115824825,115824826
3348780,chr9,124951144,124951145
3348825,chr9,124990829,124990830
3348826,chr9,124990850,124990851
3348827,chr9,124990854,124990855
3348828,chr9,124990866,124990867
3348829,chr9,124990871,124990872
3348924,chr9,125591909,125591910
3350147,chr9,128200036,128200037
3350577,chr9,129344436,129344437
3354160,chr9,133229106,133229107
3355668,chr9,134568125,134568126
3356137,chr9,135362017,135362018
3357846,chr9,136855982,136855983
3359629,chr9,138036473,138036474
3360219,chr9,138419195,138419196
3360872,chr9,138824708,138824709
3361952,chr9,139259142,139259143
3364090,chr9,139872395,139872396
3364656,chr9,140025118,140025119
3365829,chr9,140324976,140324977
3366387,chr9,140623657,140623658
3368415,chrX,14891515,14891516
3369063,chrX,19002697,19002698
3369064,chrX,19002708,19002709
3369548,chrX,21392547,21392548
3369561,chrX,21392842,21392843
3369562,chrX,21392857,21392858
3369563,chrX,21392866,21392867
3369564,chrX,21392868,21392869
3369565,chrX,21392875,21392876
3369610,chrX,21857734,21857735
3369611,chrX,21857737,21857738
3369612,chrX,21857756,21857757
3369926,chrX,23926273,23926274
3370262,chrX,25030847,25030848
3370755,chrX,30907508,30907509
3370757,chrX,30907515,30907516
3370758,chrX,30907518,30907519
3370759,chrX,30907522,30907523
3371241,chrX,38185994,38185995
3372099,chrX,40126068,40126069
3372182,chrX,40375095,40375096
3372187,chrX,40430394,40430395
3372203,chrX,40440523,40440524
3372205,chrX,40440531,40440532
3372206,chrX,40440533,40440534
3373029,chrX,46433555,46433556
3373031,chrX,46433561,46433562
3373035,chrX,46433585,46433586
3373370,chrX,47342296,47342297
3375144,chrX,55187616,55187617
3375657,chrX,64254687,64254688
3376044,chrX,68357116,68357117
3376152,chrX,68726002,68726003
3376515,chrX,70474105,70474106
3376516,chrX,70474108,70474109
3376518,chrX,70474131,70474132
3377011,chrX,73639817,73639818
3377108,chrX,74260025,74260026
3377118,chrX,74376068,74376069
3378719,chrX,103411716,103411717
3378836,chrX,105970451,105970452
3379039,chrX,106959898,106959899
3379708,chrX,117479430,117479431
3379811,chrX,117904261,117904262
3379932,chrX,118370481,118370482
3379933,chrX,118370488,118370489
3379934,chrX,118370491,118370492
3379935,chrX,118370497,118370498
3379936,chrX,118370500,118370501
3379937,chrX,118370503,118370504
3379938,chrX,118370506,118370507
3379939,chrX,118370511,118370512
3379940,chrX,118370525,118370526
3381062,chrX,129113830,129113831
3381063,chrX,129113834,129113835
3381066,chrX,129113846,129113847
3381306,chrX,129300061,129300062
3381307,chrX,129300090,129300091
3381388,chrX,129536117,129536118
3382351,chrX,135579346,135579347
3382353,chrX,135579352,135579353
3382354,chrX,135579355,135579356
3382355,chrX,135579365,135579366
3382640,chrX,136826560,136826561
3383599,chrX,149531713,149531714
3384025,chrX,150863035,150863036
3384942,chrX,152912851,152912852
3384943,chrX,152912855,152912856
3385149,chrX,152958334,152958335
3385598,chrX,153141346,153141347
3385622,chrX,153151527,153151528
3386362,chrX,153665834,153665835
3386572,chrX,153719328,153719329
3386737,chrX,153990242,153990243
3389993,chr1,12681081,12681082
3390723,chr1,21043554,21043555
3393415,chr1,48176920,48176921
3396777,chr1,161130995,161130996
3396923,chr1,164811058,164811059
3397051,chr1,168057234,168057235
3405304,chr10,105585437,105585438
3405638,chr10,118386452,118386453
3405718,chr10,119611267,119611268
3406218,chr10,126686813,126686814
3406566,chr10,131641703,131641704
3407298,chr10,134890598,134890599
3407508,chr10,135273412,135273413
3410401,chr11,47193198,47193199
3412936,chr11,71034995,71034996
3413247,chr11,75028966,75028967
3413510,chr11,78614359,78614360
3413511,chr11,78614377,78614378
3413512,chr11,78614380,78614381
3414747,chr11,119499318,119499319
3415104,chr11,126619311,126619312
3415418,chr11,133252510,133252511
3417989,chr12,52799898,52799899
3422178,chr12,132096171,132096172
3422199,chr12,132268188,132268189
3424648,chr13,73613381,73613382
3427556,chr14,47641575,47641576
3430948,chr14,104575459,104575460
3439359,chr16,19126385,19126386
3439938,chr16,28913638,28913639
3439939,chr16,28913647,28913648
3444497,chr16,89660254,89660255
3451339,chr17,71600236,71600237
3451869,chr17,74538897,74538898
3451925,chr17,74908689,74908690
3451969,chr17,75143184,75143185
3452410,chr17,76997410,76997411
3452901,chr17,78650363,78650364
3453184,chr17,79258780,79258781
3456386,chr18,60102367,60102368
3457364,chr18,77246357,77246358
3463112,chr19,14307161,14307162
3466156,chr19,39908647,39908648
3466879,chr19,45608095,45608096
3466880,chr19,45608129,45608130
3469372,chr19,58446342,58446343
3471798,chr2,40510008,40510009
3473602,chr2,90016326,90016327
3474715,chr2,118944387,118944388
3476377,chr2,162284919,162284920
3479224,chr2,238434759,238434760
3480143,chr2,242802169,242802170
3484756,chr20,62317640,62317641
3488604,chr22,23487772,23487773
3490256,chr22,39635052,39635053
3497734,chr3,130098304,130098305
3501633,chr4,3785946,3785947
3502037,chr4,7363202,7363203
3502621,chr4,16918169,16918170
3502914,chr4,25978199,25978200
3503208,chr4,38190484,38190485
3504652,chr4,91626710,91626711
3509863,chr5,67337284,67337285
3510237,chr5,78042414,78042415
3511113,chr5,115711904,115711905
3512850,chr5,158937279,158937280
3514212,chr5,179936565,179936566
3516157,chr6,35297401,35297402
3518308,chr6,107378687,107378688
3518848,chr6,126964674,126964675
3524117,chr7,29605691,29605692
3524118,chr7,29605696,29605697
3527690,chr7,101504330,101504331
3529102,chr7,142708620,142708621
3530850,chr8,900097,900098
3542879,chr9,136699226,136699227
3543488,chr9,138553806,138553807
3543489,chr9,138553816,138553817
3546407,chrX,100306973,100306974
3547423,chrX,153719354,153719355
3557830,chr10,80416862,80416863
3563355,chr11,116729110,116729111
3584841,chr18,9750509,9750510
3586494,chr19,691138,691139
3628413,chr8,92829829,92829830
3671291,chr9,138110353,138110354
