variable,coef,ci_lower,ci_upper
Normal,-0.882369748,-0.910713086,-0.809211043
Leukemia,0.085443513,0.087703793,0.1495128994461763
Lean,-0.160882864,-0.17836702,-0.137401569
Lymphoma,0.498780508,0.46795996651409505,0.5107394288149559
Obese,0.060183042,0.037211380210354646,0.079778022
ALS,0.372442655,0.36427620048170967,0.38004146427530194
